0,0,0
5.02E-02,8.58E-10,2.11E-08
1.00E-01,1.72E-09,1.14E-08
1.50E-01,1.91E-09,-4.44E-09
2.00E-01,1.13E-09,-2.62E-08
2.50E-01,-1.85E-10,-2.04E-08
3.00E-01,-6.75E-10,5.94E-11
3.50E-01,-3.05E-10,1.34E-08
4.00E-01,4.86E-10,1.66E-08
4.52E-01,1.21E-09,9.25E-09
5.02E-01,1.24E-09,-9.53E-09
5.51E-01,3.54E-10,-2.27E-08
6.01E-01,-6.38E-10,-1.46E-08
6.51E-01,-9.85E-10,5.84E-10
7.00E-01,-6.28E-10,1.29E-08
7.52E-01,1.80E-10,1.62E-08
8.01E-01,7.78E-10,5.87E-09
8.50E-01,6.44E-10,-1.11E-08
9.01E-01,-1.88E-10,-1.87E-08
9.51E-01,-9.80E-10,-1.19E-08
1.00156,-1.25E-09,1.62E-09
1.0504,-8.77E-10,1.29E-08
1.10115,-9.03E-11,1.60E-08
1.15176,4.83E-10,4.52E-09
1.20021,3.14E-10,-1.07E-08
1.25053,-4.27E-10,-1.66E-08
1.30069,-1.15E-09,-1.06E-08
1.3507,-1.39E-09,1.76E-09
1.40054,-9.83E-10,1.35E-08
1.45021,-2.21E-10,1.48E-08
1.50168,2.67E-10,2.45E-09
1.551,2.86E-11,-1.12E-08
1.60014,-6.68E-10,-1.54E-08
1.65105,-1.33E-09,-9.22E-09
1.70177,-1.49E-09,3.69E-09
1.75035,-1.04E-09,1.36E-08
1.80068,-3.40E-10,1.19E-08
1.85081,-1.07E-12,8.19E-10
1.90074,-2.43E-10,-9.71E-09
1.95048,-8.67E-10,-1.41E-08
2.00001,-1.48E-09,-8.71E-09
2.05125,-1.59E-09,4.54E-09
2.10038,-1.13E-09,1.27E-08
2.15121,-5.05E-10,1.03E-08
2.20182,-2.05E-10,6.16E-10
2.25037,-4.59E-10,-1.06E-08
2.30059,-1.13E-09,-1.39E-08
2.35061,-1.66E-09,-5.92E-09
2.40044,-1.67E-09,5.25E-09
2.45007,-1.21E-09,1.21E-08
2.50135,-6.16E-10,9.02E-09
2.55062,-4.03E-10,-8.16E-10
2.60152,-7.05E-10,-1.04E-08
2.65043,-1.31E-09,-1.26E-08
2.70098,-1.78E-09,-4.66E-09
2.75136,-1.72E-09,6.68E-09
2.80158,-1.23E-09,1.12E-08
2.85163,-7.40E-10,7.28E-09
2.90154,-5.95E-10,-2.02E-09
2.95131,-9.22E-10,-1.02E-08
3.00094,-1.48E-09,-1.09E-08
3.05045,-1.87E-09,-3.35E-09
3.1016,-1.76E-09,7.07E-09
3.15087,-1.29E-09,1.06E-08
3.20004,-8.44E-10,6.46E-09
3.25087,-7.35E-10,-2.57E-09
3.3016,-1.09E-09,-1.05E-08
3.3505,-1.63E-09,-9.87E-09
3.40108,-1.94E-09,-1.80E-09
3.45158,-1.80E-09,6.76E-09
3.50029,-1.37E-09,9.99E-09
3.55068,-9.48E-10,5.34E-09
3.60102,-9.10E-10,-4.00E-09
3.65133,-1.28E-09,-9.69E-09
3.70159,-1.77E-09,-8.24E-09
3.7501,-2.00E-09,-1.01E-09
3.80031,-1.84E-09,6.83E-09
3.8505,-1.41E-09,9.16E-09
3.90067,-1.06E-09,3.68E-09
3.95083,-1.10E-09,-5.05E-09
4.00099,-1.50E-09,-9.67E-09
4.05113,-1.94E-09,-6.85E-09
4.10127,-2.10E-09,7.15E-10
4.15141,-1.89E-09,7.33E-09
4.20155,-1.47E-09,7.94E-09
4.25169,-1.21E-09,1.71E-09
4.30011,-1.29E-09,-4.82E-09
4.35026,-1.65E-09,-8.90E-09
4.40041,-2.06E-09,-6.02E-09
4.45058,-2.17E-09,1.80E-09
4.50075,-1.94E-09,6.57E-09
4.55093,-1.58E-09,7.00E-09
4.60113,-1.35E-09,1.30E-09
4.65133,-1.46E-09,-5.46E-09
4.70155,-1.81E-09,-7.47E-09
4.75005,-2.13E-09,-5.07E-09
4.80029,-2.23E-09,1.77E-09
4.85054,-1.99E-09,6.72E-09
4.90081,-1.65E-09,5.57E-09
4.9511,-1.50E-09,2.40E-10
5.0014,-1.63E-09,-5.24E-09
5.05172,-1.97E-09,-7.14E-09
5.10031,-2.25E-09,-3.60E-09
5.15066,-2.28E-09,2.39E-09
5.20103,-2.04E-09,6.33E-09
5.25141,-1.73E-09,4.89E-09
5.30007,-1.64E-09,-1.50E-09
5.35049,-1.84E-09,-5.36E-09
5.40092,-2.12E-09,-5.34E-09
5.45137,-2.33E-09,-2.31E-09
5.5001,-2.31E-09,2.99E-09
5.55058,-2.08E-09,5.38E-09
5.60108,-1.84E-09,3.42E-09
5.6516,-1.80E-09,-1.93E-09
5.70039,-1.99E-09,-5.56E-09
5.75094,-2.28E-09,-4.94E-09
5.8015,-2.43E-09,-9.69E-10
5.85034,-2.37E-09,3.36E-09
5.90093,-2.14E-09,5.02E-09
5.95153,-1.94E-09,2.07E-09
6.00041,-1.95E-09,-2.06E-09
6.05103,-2.14E-09,-5.03E-09
6.10168,-2.39E-09,-4.14E-09
6.15058,-2.50E-09,-1.98E-10
6.20124,-2.41E-09,3.24E-09
6.25017,-2.22E-09,4.13E-09
6.30085,-2.06E-09,1.83E-09
6.35154,-2.07E-09,-2.35E-09
6.40049,-2.26E-09,-4.63E-09
6.4512,-2.46E-09,-3.13E-09
6.50016,-2.55E-09,-3.75E-10
6.55088,-2.49E-09,3.02E-09
6.60161,-2.28E-09,4.19E-09
6.6506,-2.15E-09,6.16E-10
6.70134,-2.21E-09,-2.26E-09
6.75034,-2.36E-09,-3.78E-09
6.80109,-2.55E-09,-3.04E-09
6.8501,-2.61E-09,4.70E-10
6.90087,-2.51E-09,3.11E-09
6.95164,-2.35E-09,2.79E-09
7.00067,-2.26E-09,7.62E-10
7.05145,-2.30E-09,-2.59E-09
7.10049,-2.47E-09,-3.59E-09
7.15128,-2.62E-09,-1.93E-09
7.20033,-2.66E-09,3.84E-10
7.25114,-2.57E-09,2.88E-09
7.30019,-2.41E-09,3.20E-09
7.35101,-2.32E-09,-1.10E-10
7.40008,-2.39E-09,-2.43E-09
7.45091,-2.55E-09,-3.55E-09
7.50174,-2.70E-09,-2.11E-09
7.55083,-2.73E-09,1.34E-09
7.60168,-2.59E-09,3.33E-09
7.65077,-2.45E-09,2.14E-09
7.70163,-2.39E-09,-1.09E-10
7.75074,-2.47E-09,-2.99E-09
7.80161,-2.66E-09,-3.62E-09
7.85072,-2.78E-09,-1.15E-09
7.9016,-2.77E-09,1.45E-09
7.95074,-2.64E-09,3.41E-09
8.00163,-2.48E-09,2.28E-09
8.05077,-2.45E-09,-1.09E-09
8.10167,-2.58E-09,-3.31E-09
8.15082,-2.74E-09,-3.18E-09
8.20174,-2.86E-09,-9.23E-10
8.2509,-2.82E-09,2.23E-09
8.30007,-2.67E-09,3.35E-09
8.351,-2.55E-09,1.26E-09
8.40018,-2.53E-09,-7.26E-10
8.45113,-2.65E-09,-3.76E-09
8.50032,-2.84E-09,-3.04E-09
8.55127,-2.91E-09,-1.30E-10
8.60048,-2.87E-09,1.94E-09
8.65144,-2.72E-09,3.38E-09
8.70066,-2.59E-09,1.45E-09
8.75163,-2.60E-09,-1.77E-09
8.80086,-2.73E-09,-3.14E-09
8.85009,-2.88E-09,-2.61E-09
8.90108,-2.96E-09,-1.97E-10
8.95032,-2.90E-09,2.28E-09
9.00133,-2.76E-09,2.92E-09
9.05058,-2.65E-09,1.20E-09
9.10159,-2.68E-09,-2.30E-09
9.15085,-2.83E-09,-3.38E-09
9.20012,-2.96E-09,-1.46E-09
9.25115,-2.99E-09,2.53E-10
9.30043,-2.92E-09,2.50E-09
9.35147,-2.77E-09,2.67E-09
9.40076,-2.69E-09,5.56E-10
9.45005,-2.72E-09,-1.87E-09
9.50111,-2.87E-09,-3.39E-09
9.55041,-3.00E-09,-1.66E-09
9.60147,-3.02E-09,7.90E-10
9.65079,-2.93E-09,2.64E-09
9.7001,-2.78E-09,2.98E-09
9.75119,-2.69E-09,2.00E-10
9.80051,-2.75E-09,-2.21E-09
9.8516,-2.89E-09,-2.98E-09
9.90094,-3.01E-09,-1.25E-09
9.95028,-3.00E-09,1.37E-09
10.0014,-2.89E-09,2.54E-09
10.0507,-2.76E-09,2.42E-09
10.1001,-2.70E-09,-1.08E-10
10.1512,-2.77E-09,-2.36E-09
10.2006,-2.89E-09,-2.33E-09
10.2517,-2.98E-09,-8.82E-10
10.3011,-2.97E-09,1.31E-09
10.3505,-2.86E-09,2.82E-09
10.4016,-2.73E-09,1.91E-09
10.451,-2.69E-09,-1.10E-10
10.5004,-2.75E-09,-2.26E-09
10.5515,-2.88E-09,-2.60E-09
10.6009,-2.96E-09,-1.62E-10
10.6503,-2.92E-09,1.50E-09
10.7015,-2.80E-09,2.82E-09
10.7509,-2.68E-09,1.66E-09
10.8003,-2.66E-09,-5.77E-10
10.8515,-2.73E-09,-2.23E-09
10.901,-2.85E-09,-2.34E-09
10.9504,-2.94E-09,-6.64E-10
11.0016,-2.89E-09,2.24E-09
11.051,-2.76E-09,2.57E-09
11.1005,-2.66E-09,1.45E-09
11.1517,-2.64E-09,-6.50E-10
11.2011,-2.72E-09,-2.69E-09
11.2506,-2.86E-09,-2.19E-09
11.3,-2.90E-09,5.44E-10
11.3513,-2.83E-09,1.72E-09
11.4007,-2.73E-09,2.19E-09
11.4502,-2.64E-09,1.34E-09
11.5014,-2.63E-09,-1.05E-09
11.5509,-2.72E-09,-2.48E-09
11.6004,-2.84E-09,-1.94E-09
11.6516,-2.89E-09,3.80E-10
11.7011,-2.82E-09,1.90E-09
11.7506,-2.72E-09,2.04E-09
11.8001,-2.63E-09,1.18E-09
11.8514,-2.64E-09,-1.29E-09
11.9009,-2.74E-09,-2.36E-09
11.9504,-2.83E-09,-1.29E-09
12.0017,-2.86E-09,-6.84E-11
12.0512,-2.83E-09,1.51E-09
12.1007,-2.73E-09,2.21E-09
12.1502,-2.65E-09,6.87E-10
12.2015,-2.66E-09,-9.81E-10
12.2511,-2.74E-09,-1.98E-09
12.3006,-2.84E-09,-2.03E-09
12.3501,-2.90E-09,-9.59E-11
12.4014,-2.85E-09,1.76E-09
12.451,-2.76E-09,1.69E-09
12.5005,-2.70E-09,6.31E-10
12.5501,-2.71E-09,-9.93E-10
12.6014,-2.80E-09,-2.29E-09
12.651,-2.90E-09,-1.52E-09
12.7005,-2.94E-09,6.22E-11
12.7501,-2.90E-09,1.44E-09
12.8014,-2.81E-09,1.48E-09
12.851,-2.77E-09,3.71E-10
12.9006,-2.78E-09,-9.38E-10
12.9502,-2.86E-09,-2.07E-09
13.0015,-2.96E-09,-1.47E-09
13.0511,-2.98E-09,5.09E-10
13.1007,-2.94E-09,9.79E-10
13.1503,-2.88E-09,1.50E-09
13.2017,-2.81E-09,7.81E-10
13.2513,-2.84E-09,-1.78E-09
13.3009,-2.94E-09,-1.96E-09
13.3505,-3.01E-09,-8.36E-10
13.4001,-3.02E-09,3.12E-10
13.4514,-2.98E-09,1.48E-09
13.5011,-2.90E-09,1.52E-09
13.5507,-2.85E-09,9.62E-11
13.6003,-2.89E-09,-1.43E-09
13.6517,-2.98E-09,-1.72E-09
13.7013,-3.04E-09,-4.95E-10
13.751,-3.03E-09,8.00E-10
13.8006,-2.96E-09,1.60E-09
13.8502,-2.89E-09,1.16E-09
13.9016,-2.86E-09,-2.12E-12
13.9513,-2.89E-09,-1.19E-09
14.0009,-2.96E-09,-1.32E-09
14.0506,-3.00E-09,-3.99E-10
14.1002,-2.99E-09,9.21E-10
14.1517,-2.92E-09,1.45E-09
14.2013,-2.85E-09,1.32E-09
14.251,-2.81E-09,1.85E-10
14.3007,-2.84E-09,-1.15E-09
14.3503,-2.90E-09,-7.58E-10
14.4018,-2.91E-09,2.47E-10
14.4514,-2.88E-09,7.58E-10
14.5011,-2.83E-09,1.38E-09
14.5508,-2.76E-09,1.20E-09
14.6005,-2.72E-09,2.04E-10
14.6502,-2.73E-09,-4.47E-10
14.7016,-2.76E-09,-6.40E-10
14.7513,-2.78E-09,-1.48E-10
14.801,-2.77E-09,9.37E-10
14.8507,-2.69E-09,1.92E-09
14.9004,-2.61E-09,1.19E-09
14.9501,-2.56E-09,6.45E-10
15.0016,-2.56E-09,-5.31E-10
15.0513,-2.60E-09,-8.42E-10
15.101,-2.61E-09,4.62E-10
15.1508,-2.57E-09,1.15E-09
15.2005,-2.50E-09,1.53E-09
15.2502,-2.42E-09,1.59E-09
15.3017,-2.38E-09,-1.41E-10
15.3514,-2.40E-09,-1.92E-10
15.4012,-2.39E-09,1.12E-10
15.4509,-2.40E-09,-4.93E-11
15.5006,-2.36E-09,1.84E-09
15.5504,-2.25E-09,2.01E-09
15.6001,-2.18E-09,9.94E-10
15.6516,-2.14E-09,4.57E-10
15.7014,-2.14E-09,-5.81E-10
15.7511,-2.18E-09,-5.57E-10
15.8009,-2.17E-09,8.35E-10
15.8506,-2.10E-09,1.80E-09
15.9004,-2.00E-09,2.05E-09
15.9502,-1.92E-09,1.30E-09
16.0017,-1.88E-09,9.52E-11
16.0515,-1.89E-09,-4.96E-10
16.1012,-1.92E-09,-2.04E-10
16.151,-1.90E-09,9.41E-10
16.2008,-1.82E-09,2.08E-09
16.2506,-1.71E-09,2.02E-09
16.3003,-1.64E-09,1.10E-09
16.3501,-1.60E-09,1.34E-10
16.4017,-1.62E-09,-5.25E-10
16.4515,-1.63E-09,1.99E-10
16.5013,-1.59E-09,1.44E-09
16.5511,-1.50E-09,1.99E-09
16.6009,-1.41E-09,1.76E-09
16.6507,-1.33E-09,1.26E-09
16.7005,-1.30E-09,-1.05E-10
16.7503,-1.32E-09,-2.76E-10
16.8001,-1.30E-09,8.37E-10
16.8517,-1.24E-09,1.35E-09
16.9015,-1.17E-09,1.71E-09
16.9513,-1.08E-09,1.77E-09
17.0011,-1.01E-09,9.78E-10
17.0509,-9.85E-10,7.78E-11
17.1008,-9.75E-10,4.02E-10
17.1506,-9.47E-10,7.83E-10
17.2004,-8.96E-10,1.22E-09
17.2502,-8.26E-10,1.56E-09
17.3001,-7.45E-10,1.65E-09
17.3517,-6.69E-10,1.12E-09
17.4015,-6.34E-10,3.79E-10
17.4514,-6.25E-10,1.94E-11
17.5012,-6.22E-10,2.69E-10
17.5511,-5.87E-10,1.17E-09
17.6009,-5.10E-10,1.80E-09
17.6508,-4.20E-10,1.78E-09
17.7006,-3.39E-10,1.21E-09
17.7505,-3.10E-10,7.82E-11
17.8004,-3.12E-10,3.43E-11
17.8502,-2.99E-10,3.98E-10
17.9001,-2.72E-10,8.23E-10
17.9517,-1.99E-10,1.99E-09
18.0016,-1.01E-10,1.65E-09
18.0515,-3.93E-11,8.60E-10
18.1013,-1.30E-11,1.68E-10
18.1512,-1.73E-11,-1.76E-10
18.2011,-1.51E-11,4.17E-10
18.251,3.26E-11,1.35E-09
18.3009,1.00E-10,1.35E-09
18.3508,1.72E-10,1.51E-09
18.4007,2.42E-10,1.09E-09
18.4505,2.66E-10,-9.32E-11
18.5004,2.58E-10,7.40E-11
18.5503,2.79E-10,6.07E-10
18.6002,3.14E-10,9.83E-10
18.6501,3.87E-10,1.83E-09
18.7001,4.75E-10,1.48E-09
18.7517,5.30E-10,7.27E-10
18.8017,5.58E-10,3.75E-10
18.8516,5.66E-10,7.29E-11
18.9015,5.86E-10,8.41E-10
18.9514,6.45E-10,1.51E-09
19.0013,7.34E-10,1.88E-09
19.0512,8.20E-10,1.51E-09
19.1012,8.80E-10,8.98E-10
19.1511,9.12E-10,4.35E-10
19.201,9.32E-10,4.64E-10
19.251,9.78E-10,1.50E-09
19.3009,1.07E-09,2.06E-09
19.3508,1.17E-09,1.91E-09
19.4008,1.26E-09,1.65E-09
19.4507,1.33E-09,1.15E-09
19.5006,1.38E-09,6.64E-10
19.5506,1.42E-09,1.10E-09
19.6005,1.50E-09,2.41E-09
19.6505,1.63E-09,2.29E-09
19.7004,1.74E-09,2.28E-09
19.7504,1.85E-09,2.21E-09
19.8004,1.94E-09,1.18E-09
19.8503,1.99E-09,1.16E-09
19.9003,2.07E-09,1.97E-09
19.9502,2.19E-09,2.80E-09
20.0002,2.34E-09,3.11E-09
20.0502,2.49E-09,2.76E-09
20.1001,2.61E-09,2.22E-09
20.1501,2.71E-09,1.61E-09
20.2001,2.79E-09,1.79E-09
20.2501,2.90E-09,2.92E-09
20.3001,3.07E-09,3.43E-09
20.35,3.24E-09,3.49E-09
20.4,3.40E-09,2.98E-09
20.45,3.54E-09,2.54E-09
20.5018,3.66E-09,2.21E-09
20.5518,3.79E-09,2.86E-09
20.6018,3.94E-09,3.38E-09
20.6518,4.12E-09,3.59E-09
20.7018,4.30E-09,3.54E-09
20.7518,4.47E-09,3.16E-09
20.8018,4.61E-09,2.71E-09
20.8518,4.75E-09,3.08E-09
20.9018,4.92E-09,3.32E-09
20.95,5.08E-09,3.62E-09
21,5.27E-09,3.97E-09
21.05,5.47E-09,3.69E-09
21.1,5.64E-09,3.09E-09
21.1501,5.79E-09,3.32E-09
21.2001,5.96E-09,3.23E-09
21.2501,6.13E-09,3.59E-09
21.3001,6.32E-09,3.96E-09
21.3502,6.51E-09,3.58E-09
21.4002,6.68E-09,3.42E-09
21.4502,6.86E-09,3.70E-09
21.5003,7.04E-09,3.30E-09
21.5503,7.20E-09,3.42E-09
21.6003,7.39E-09,4.03E-09
21.6504,7.58E-09,3.62E-09
21.7004,7.76E-09,3.31E-09
21.7505,7.93E-09,3.69E-09
21.8005,8.11E-09,3.50E-09
21.8506,8.27E-09,2.97E-09
21.9006,8.44E-09,3.70E-09
21.9507,8.62E-09,3.62E-09
22.0007,8.79E-09,3.30E-09
22.0508,8.97E-09,3.64E-09
22.1008,9.15E-09,3.46E-09
22.1509,9.31E-09,3.16E-09
22.201,9.48E-09,3.52E-09
22.251,9.65E-09,2.94E-09
22.3011,9.78E-09,2.79E-09
22.3512,9.94E-09,3.40E-09
22.4012,1.01E-08,3.20E-09
22.4513,1.03E-08,3.26E-09
22.5014,1.04E-08,3.44E-09
22.5515,1.06E-08,2.75E-09
22.6016,1.07E-08,2.95E-09
22.6516,1.09E-08,2.71E-09
22.7017,1.10E-08,2.44E-09
22.75,1.11E-08,3.05E-09
22.8001,1.13E-08,2.93E-09
22.8502,1.14E-08,2.85E-09
22.9003,1.16E-08,2.83E-09
22.9504,1.17E-08,2.30E-09
23.0005,1.18E-08,2.29E-09
23.0506,1.19E-08,2.33E-09
23.1007,1.21E-08,2.46E-09
23.1508,1.22E-08,2.77E-09
23.2009,1.23E-08,2.53E-09
23.251,1.24E-08,2.07E-09
23.3012,1.25E-08,1.71E-09
23.3513,1.26E-08,1.59E-09
23.4014,1.27E-08,2.12E-09
23.4515,1.28E-08,2.63E-09
23.5016,1.29E-08,2.37E-09
23.5518,1.31E-08,2.03E-09
23.6001,1.32E-08,1.74E-09
23.6502,1.32E-08,1.20E-09
23.7003,1.33E-08,1.38E-09
23.7505,1.34E-08,2.02E-09
23.8006,1.35E-08,2.38E-09
23.8508,1.36E-08,2.19E-09
23.9009,1.37E-08,1.74E-09
23.951,1.38E-08,1.23E-09
24.0012,1.38E-08,1.07E-09
24.0513,1.39E-08,1.11E-09
24.1015,1.40E-08,1.91E-09
24.1516,1.41E-08,2.84E-09
24.2018,1.42E-08,2.12E-09
24.2501,1.43E-08,1.62E-09
24.3003,1.44E-08,9.92E-10
24.3504,1.44E-08,5.26E-10
24.4006,1.44E-08,1.86E-09
24.4508,1.46E-08,2.49E-09
24.5009,1.47E-08,2.60E-09
24.5511,1.48E-08,2.74E-09
24.6013,1.49E-08,1.66E-09
24.6514,1.50E-08,1.35E-09
24.7016,1.51E-08,1.76E-09
24.7518,1.52E-08,1.94E-09
24.8002,1.53E-08,3.00E-09
24.8503,1.55E-08,3.48E-09
24.9005,1.56E-08,3.00E-09
24.9507,1.58E-08,2.64E-09
25.0009,1.59E-08,2.10E-09
25.0511,1.60E-08,2.27E-09
25.1012,1.61E-08,3.44E-09
25.1514,1.63E-08,3.78E-09
25.2016,1.65E-08,4.03E-09
25.25,1.67E-08,4.26E-09
25.3002,1.69E-08,3.56E-09
25.3504,1.71E-08,3.17E-09
25.4006,1.73E-08,3.83E-09
25.4508,1.75E-08,3.96E-09
25.501,1.77E-08,4.88E-09
25.5512,1.79E-08,5.71E-09
25.6014,1.82E-08,5.21E-09
25.6516,1.85E-08,4.56E-09
25.7,1.87E-08,4.64E-09
25.7503,1.89E-08,4.52E-09
25.8005,1.92E-08,5.43E-09
25.8507,1.95E-08,6.31E-09
25.9009,1.98E-08,6.34E-09
25.9511,2.01E-08,6.01E-09
26.0013,2.04E-08,5.87E-09
26.0516,2.07E-08,5.46E-09
26.1018,2.09E-08,5.71E-09
26.1502,2.12E-08,6.43E-09
26.2004,2.16E-08,6.70E-09
26.2507,2.19E-08,7.14E-09
26.3009,2.23E-08,6.97E-09
26.3511,2.26E-08,6.12E-09
26.4014,2.29E-08,6.07E-09
26.4516,2.32E-08,6.27E-09
26.5001,2.35E-08,6.33E-09
26.5503,2.39E-08,7.07E-09
26.6005,2.42E-08,7.21E-09
26.6508,2.46E-08,6.63E-09
26.701,2.49E-08,6.13E-09
26.7513,2.52E-08,5.82E-09
26.8015,2.55E-08,5.77E-09
26.8518,2.58E-08,6.08E-09
26.9002,2.61E-08,6.37E-09
26.9505,2.64E-08,6.55E-09
27.0008,2.67E-08,6.16E-09
27.051,2.70E-08,4.94E-09
27.1013,2.72E-08,4.46E-09
27.1515,2.75E-08,4.44E-09
27.2,2.77E-08,4.81E-09
27.2503,2.79E-08,5.34E-09
27.3006,2.82E-08,5.03E-09
27.3508,2.84E-08,3.95E-09
27.4011,2.86E-08,3.05E-09
27.4514,2.88E-08,3.06E-09
27.5016,2.89E-08,3.09E-09
27.5501,2.91E-08,3.12E-09
27.6004,2.92E-08,3.13E-09
27.6507,2.94E-08,2.30E-09
27.701,2.95E-08,1.96E-09
27.7513,2.95E-08,9.41E-10
27.8016,2.96E-08,8.09E-10
27.8501,2.96E-08,1.25E-09
27.9003,2.97E-08,8.66E-10
27.9506,2.97E-08,6.97E-10
28.0009,2.98E-08,2.15E-10
28.0512,2.97E-08,-6.63E-10
28.1015,2.97E-08,-8.38E-10
28.15,2.97E-08,-1.14E-09
28.2003,2.96E-08,-1.16E-09
28.2507,2.95E-08,-1.04E-09
28.301,2.95E-08,-1.66E-09
28.3513,2.94E-08,-1.92E-09
28.4016,2.93E-08,-2.22E-09
28.4501,2.92E-08,-2.87E-09
28.5004,2.90E-08,-2.81E-09
28.5507,2.89E-08,-2.76E-09
28.6011,2.87E-08,-2.73E-09
28.6514,2.86E-08,-2.70E-09
28.7017,2.84E-08,-3.57E-09
28.7502,2.83E-08,-3.76E-09
28.8006,2.81E-08,-3.72E-09
28.8509,2.79E-08,-3.78E-09
28.9012,2.77E-08,-3.69E-09
28.9515,2.75E-08,-3.03E-09
29.0001,2.74E-08,-3.51E-09
29.0504,2.72E-08,-4.09E-09
29.1007,2.70E-08,-4.25E-09
29.1511,2.67E-08,-4.39E-09
29.2014,2.65E-08,-3.66E-09
29.2518,2.64E-08,-2.94E-09
29.3003,2.62E-08,-3.26E-09
29.3507,2.61E-08,-2.96E-09
29.401,2.59E-08,-3.77E-09
29.4514,2.57E-08,-4.14E-09
29.5017,2.55E-08,-3.07E-09
29.5503,2.54E-08,-2.82E-09
29.6006,2.52E-08,-2.42E-09
29.651,2.51E-08,-1.42E-09
29.7013,2.51E-08,-2.33E-09
29.7517,2.49E-08,-2.64E-09
29.8002,2.48E-08,-2.03E-09
29.8506,2.47E-08,-2.13E-09
29.9009,2.46E-08,-8.43E-10
29.9513,2.46E-08,-2.84E-11
30.0017,2.46E-08,-6.88E-10
30.0502,2.46E-08,-1.93E-10
30.1006,2.46E-08,-1.52E-10
30.151,2.45E-08,-5.79E-10
30.2013,2.45E-08,8.09E-10
30.2517,2.46E-08,1.39E-09
30.3003,2.47E-08,1.59E-09
30.3506,2.48E-08,2.16E-09
30.401,2.49E-08,1.58E-09
30.4514,2.50E-08,2.09E-09
30.5018,2.51E-08,2.93E-09
30.5503,2.52E-08,3.12E-09
30.6007,2.54E-08,3.83E-09
30.6511,2.56E-08,4.16E-09
30.7015,2.58E-08,4.22E-09
30.75,2.60E-08,4.54E-09
30.8004,2.63E-08,4.54E-09
30.8508,2.65E-08,5.20E-09
30.9012,2.68E-08,5.68E-09
30.9516,2.71E-08,6.35E-09
31.0001,2.74E-08,6.68E-09
31.0505,2.77E-08,6.64E-09
31.1009,2.81E-08,6.79E-09
31.1513,2.84E-08,7.15E-09
31.2017,2.88E-08,7.17E-09
31.2503,2.91E-08,7.62E-09
31.3007,2.95E-08,8.09E-09
31.3511,3.00E-08,8.32E-09
31.4015,3.04E-08,8.73E-09
31.4501,3.08E-08,8.64E-09
31.5005,3.12E-08,8.57E-09
31.5508,3.17E-08,8.59E-09
31.6012,3.21E-08,8.74E-09
31.6516,3.26E-08,8.94E-09
31.7002,3.30E-08,9.02E-09
31.7506,3.34E-08,9.06E-09
31.8011,3.39E-08,8.87E-09
31.8515,3.43E-08,8.64E-09
31.9001,3.48E-08,8.69E-09
31.9505,3.52E-08,8.64E-09
32.0009,3.56E-08,8.25E-09
32.0513,3.60E-08,8.00E-09
32.1017,3.64E-08,7.89E-09
32.1503,3.68E-08,7.31E-09
32.2007,3.72E-08,6.89E-09
32.2511,3.75E-08,6.70E-09
32.3016,3.78E-08,6.03E-09
32.3502,3.81E-08,5.69E-09
32.4006,3.84E-08,5.03E-09
32.451,3.86E-08,4.06E-09
32.5014,3.88E-08,3.63E-09
32.5501,3.90E-08,3.00E-09
32.6005,3.91E-08,2.36E-09
32.6509,3.92E-08,1.65E-09
32.7013,3.93E-08,5.89E-10
32.7518,3.93E-08,-3.68E-10
32.8004,3.92E-08,-1.40E-09
32.8508,3.91E-08,-2.60E-09
32.9013,3.90E-08,-3.05E-09
32.9517,3.88E-08,-4.19E-09
33.0003,3.86E-08,-5.16E-09
33.0508,3.83E-08,-6.06E-09
33.1012,3.79E-08,-7.65E-09
33.1517,3.75E-08,-8.78E-09
33.2003,3.71E-08,-9.81E-09
33.2508,3.65E-08,-1.13E-08
33.3012,3.60E-08,-1.18E-08
33.3517,3.53E-08,-1.32E-08
33.4003,3.47E-08,-1.41E-08
33.4508,3.39E-08,-1.51E-08
33.5012,3.31E-08,-1.68E-08
33.5517,3.22E-08,-1.80E-08
33.6003,3.13E-08,-1.90E-08
33.6508,3.04E-08,-2.01E-08
33.7012,2.93E-08,-2.03E-08
33.7517,2.83E-08,-2.09E-08
33.8004,2.72E-08,-2.28E-08
33.8508,2.61E-08,-2.38E-08
33.9013,2.48E-08,-2.46E-08
33.9518,2.36E-08,-2.55E-08
34.0004,2.23E-08,-2.54E-08
34.0509,2.10E-08,-2.57E-08
34.1014,1.97E-08,-2.64E-08
34.15,1.84E-08,-2.68E-08
34.2005,1.71E-08,-2.75E-08
34.251,1.57E-08,-2.82E-08
34.3014,1.42E-08,-2.76E-08
34.3501,1.29E-08,-2.76E-08
34.4006,1.15E-08,-2.76E-08
34.451,1.01E-08,-2.67E-08
34.5015,8.80E-09,-2.68E-08
34.5502,7.48E-09,-2.70E-08
34.6007,6.14E-09,-2.63E-08
34.6511,4.82E-09,-2.60E-08
34.7016,3.54E-09,-2.45E-08
34.7503,2.39E-09,-2.31E-08
34.8007,1.24E-09,-2.26E-08
34.8512,1.24E-10,-2.15E-08
34.9017,-9.39E-10,-2.06E-08
34.9504,-1.92E-09,-1.93E-08
35.0008,-2.85E-09,-1.79E-08
35.0513,-3.72E-09,-1.63E-08
35.1018,-4.49E-09,-1.41E-08
35.1505,-5.13E-09,-1.24E-08
35.2009,-5.73E-09,-1.14E-08
35.2514,-6.26E-09,-9.47E-09
35.3001,-6.68E-09,-7.73E-09
35.3505,-7.02E-09,-5.81E-09
35.401,-7.25E-09,-3.18E-09
35.4515,-7.35E-09,-1.17E-09
35.5001,-7.37E-09,5.74E-10
35.5506,-7.29E-09,2.44E-09
35.6011,-7.12E-09,4.39E-09
35.6515,-6.84E-09,6.67E-09
35.7002,-6.46E-09,8.99E-09
35.7507,-5.96E-09,1.10E-08
35.8011,-5.35E-09,1.28E-08
35.8516,-4.66E-09,1.48E-08
35.9003,-3.89E-09,1.68E-08
35.9507,-3.00E-09,1.84E-08
36.0012,-2.02E-09,2.04E-08
36.0516,-9.52E-10,2.20E-08
36.1003,1.55E-10,2.36E-08
36.1508,1.39E-09,2.52E-08
36.2012,2.68E-09,2.61E-08
36.2517,4.04E-09,2.77E-08
36.3003,5.42E-09,2.88E-08
36.3508,6.89E-09,2.95E-08
36.4013,8.40E-09,3.04E-08
36.4517,9.95E-09,3.11E-08
36.5004,1.15E-08,3.19E-08
36.5508,1.31E-08,3.22E-08
36.6013,1.47E-08,3.18E-08
36.6517,1.63E-08,3.20E-08
36.7004,1.79E-08,3.15E-08
36.7509,1.95E-08,3.14E-08
36.8013,2.10E-08,3.10E-08
36.8518,2.26E-08,3.03E-08
36.9004,2.40E-08,2.91E-08
36.9509,2.55E-08,2.80E-08
37.0013,2.69E-08,2.67E-08
37.05,2.81E-08,2.52E-08
37.1005,2.93E-08,2.34E-08
37.1509,3.05E-08,2.16E-08
37.2014,3.15E-08,1.92E-08
37.25,3.24E-08,1.75E-08
37.3005,3.32E-08,1.51E-08
37.351,3.39E-08,1.25E-08
37.4014,3.45E-08,1.04E-08
37.4501,3.49E-08,7.59E-09
37.5006,3.52E-08,4.15E-09
37.5511,3.54E-08,9.99E-10
37.6015,3.53E-08,-1.72E-09
37.6502,3.52E-08,-4.98E-09
37.7007,3.48E-08,-8.25E-09
37.7511,3.44E-08,-1.10E-08
37.8016,3.37E-08,-1.43E-08
37.8503,3.29E-08,-1.79E-08
37.9008,3.20E-08,-2.14E-08
37.9513,3.08E-08,-2.49E-08
38.0018,2.94E-08,-2.85E-08
38.0504,2.80E-08,-3.18E-08
38.1009,2.63E-08,-3.45E-08
38.1514,2.45E-08,-3.78E-08
38.2001,2.26E-08,-4.08E-08
38.2506,2.04E-08,-4.42E-08
38.3011,1.81E-08,-4.76E-08
38.3516,1.56E-08,-5.03E-08
38.4003,1.31E-08,-5.31E-08
38.4508,1.03E-08,-5.59E-08
38.5013,7.47E-09,-5.80E-08
38.55,4.59E-09,-6.04E-08
38.6005,1.47E-09,-6.29E-08
38.651,-1.75E-09,-6.46E-08
38.7015,-5.07E-09,-6.69E-08
38.7502,-8.37E-09,-6.87E-08
38.8008,-1.19E-08,-7.01E-08
38.8513,-1.55E-08,-7.13E-08
38.9018,-1.91E-08,-7.22E-08
38.9505,-2.26E-08,-7.32E-08
39.001,-2.63E-08,-7.39E-08
39.0515,-3.01E-08,-7.44E-08
39.1003,-3.37E-08,-7.45E-08
39.1508,-3.75E-08,-7.49E-08
39.2013,-4.13E-08,-7.48E-08
39.25,-4.49E-08,-7.37E-08
39.3005,-4.86E-08,-7.33E-08
39.351,-5.23E-08,-7.21E-08
39.4016,-5.59E-08,-7.07E-08
39.4503,-5.93E-08,-7.03E-08
39.5008,-6.28E-08,-6.82E-08
39.5513,-6.62E-08,-6.56E-08
39.6,-6.94E-08,-6.43E-08
39.6505,-7.25E-08,-6.16E-08
39.701,-7.56E-08,-5.88E-08
39.7515,-7.85E-08,-5.68E-08
39.8002,-8.12E-08,-5.39E-08
39.8507,-8.38E-08,-5.05E-08
39.9012,-8.63E-08,-4.71E-08
39.9517,-8.86E-08,-4.34E-08
40.0004,-9.06E-08,-3.96E-08
40.0509,-9.25E-08,-3.58E-08
40.1014,-9.42E-08,-3.23E-08
40.1501,-9.57E-08,-2.84E-08
40.2006,-9.70E-08,-2.38E-08
40.251,-9.81E-08,-1.94E-08
40.3015,-9.90E-08,-1.43E-08
40.3502,-9.95E-08,-9.09E-09
40.4006,-9.99E-08,-5.25E-09
40.4511,-1.00E-07,-6.65E-10
40.5015,-1.00E-07,4.53E-09
40.5502,-9.96E-08,8.69E-09
40.6006,-9.90E-08,1.48E-08
40.6511,-9.82E-08,2.04E-08
40.7015,-9.70E-08,2.49E-08
40.7502,-9.57E-08,2.99E-08
40.8006,-9.40E-08,3.51E-08
40.851,-9.22E-08,3.92E-08
40.9014,-9.01E-08,4.47E-08
40.95,-8.77E-08,5.00E-08
41.0004,-8.51E-08,5.46E-08
41.0509,-8.22E-08,5.97E-08
41.1013,-7.91E-08,6.46E-08
41.1517,-7.57E-08,6.88E-08
41.2002,-7.23E-08,7.29E-08
41.2506,-6.85E-08,7.74E-08
41.301,-6.45E-08,8.17E-08
41.3514,-6.03E-08,8.55E-08
41.4018,-5.59E-08,8.93E-08
41.4504,-5.15E-08,9.29E-08
41.5008,-4.67E-08,9.57E-08
41.5511,-4.18E-08,9.86E-08
41.6015,-3.68E-08,1.01E-07
41.6501,-3.18E-08,1.04E-07
41.7004,-2.65E-08,1.06E-07
41.7508,-2.12E-08,1.08E-07
41.8012,-1.57E-08,1.09E-07
41.8516,-1.02E-08,1.10E-07
41.9001,-4.87E-09,1.10E-07
41.9505,6.64E-10,1.09E-07
42.0009,6.17E-09,1.09E-07
42.0512,1.17E-08,1.09E-07
42.1016,1.71E-08,1.07E-07
42.1502,2.23E-08,1.06E-07
42.2006,2.76E-08,1.03E-07
42.2509,3.27E-08,1.00E-07
42.3013,3.77E-08,9.67E-08
42.3517,4.24E-08,9.27E-08
42.4003,4.68E-08,8.82E-08
42.4507,5.11E-08,8.33E-08
42.5011,5.52E-08,7.83E-08
42.5515,5.90E-08,7.17E-08
42.6001,6.23E-08,6.53E-08
42.6505,6.55E-08,5.88E-08
42.7009,6.82E-08,5.04E-08
42.7513,7.05E-08,4.16E-08
42.8017,7.24E-08,3.21E-08
42.8504,7.38E-08,2.33E-08
42.9008,7.47E-08,1.45E-08
42.9512,7.52E-08,4.76E-09
43.0017,7.52E-08,-6.09E-09
43.0504,7.46E-08,-1.74E-08
43.1008,7.34E-08,-2.88E-08
43.1513,7.17E-08,-4.14E-08
43.2018,6.93E-08,-5.32E-08
43.2504,6.64E-08,-6.38E-08
43.3009,6.29E-08,-7.67E-08
43.3514,5.87E-08,-8.97E-08
43.4001,5.40E-08,-1.02E-07
43.4506,4.85E-08,-1.16E-07
43.5012,4.24E-08,-1.28E-07
43.5517,3.56E-08,-1.40E-07
43.6004,2.85E-08,-1.52E-07
43.6509,2.05E-08,-1.64E-07
43.7015,1.19E-08,-1.76E-07
43.7502,3.04E-09,-1.88E-07
43.8008,-6.77E-09,-2.00E-07
43.8513,-1.72E-08,-2.11E-07
43.9001,-2.77E-08,-2.20E-07
43.9506,-3.90E-08,-2.29E-07
44.0012,-5.08E-08,-2.38E-07
44.0518,-6.31E-08,-2.47E-07
44.1005,-7.53E-08,-2.54E-07
44.1511,-8.83E-08,-2.61E-07
44.2017,-1.02E-07,-2.66E-07
44.2504,-1.15E-07,-2.69E-07
44.301,-1.28E-07,-2.71E-07
44.3516,-1.42E-07,-2.74E-07
44.4003,-1.56E-07,-2.76E-07
44.4509,-1.70E-07,-2.76E-07
44.5015,-1.83E-07,-2.74E-07
44.5502,-1.97E-07,-2.70E-07
44.6008,-2.10E-07,-2.64E-07
44.6513,-2.23E-07,-2.58E-07
44.7001,-2.36E-07,-2.51E-07
44.7506,-2.48E-07,-2.43E-07
44.8012,-2.60E-07,-2.34E-07
44.8517,-2.72E-07,-2.23E-07
44.9004,-2.82E-07,-2.09E-07
44.9509,-2.93E-07,-1.93E-07
45.0014,-3.02E-07,-1.76E-07
45.0501,-3.10E-07,-1.58E-07
45.1006,-3.18E-07,-1.41E-07
45.1511,-3.24E-07,-1.24E-07
45.2016,-3.30E-07,-1.03E-07
45.2502,-3.35E-07,-8.18E-08
45.3007,-3.38E-07,-5.78E-08
45.3511,-3.40E-07,-3.23E-08
45.4015,-3.41E-07,-8.66E-09
45.4502,-3.41E-07,1.41E-08
45.5006,-3.40E-07,3.78E-08
45.5509,-3.37E-07,6.32E-08
45.6013,-3.34E-07,9.10E-08
45.6517,-3.28E-07,1.18E-07
45.7002,-3.22E-07,1.45E-07
45.7506,-3.14E-07,1.72E-07
45.8009,-3.05E-07,1.97E-07
45.8512,-2.94E-07,2.23E-07
45.9015,-2.82E-07,2.49E-07
45.9518,-2.69E-07,2.75E-07
46.0002,-2.55E-07,3.00E-07
46.0505,-2.39E-07,3.23E-07
46.1007,-2.23E-07,3.45E-07
46.151,-2.05E-07,3.65E-07
46.2012,-1.86E-07,3.87E-07
46.2514,-1.66E-07,4.06E-07
46.3016,-1.45E-07,4.24E-07
46.35,-1.24E-07,4.36E-07
46.4002,-1.02E-07,4.48E-07
46.4504,-7.93E-08,4.60E-07
46.5005,-5.60E-08,4.68E-07
46.5507,-3.23E-08,4.74E-07
46.6008,-8.42E-09,4.79E-07
46.651,1.56E-08,4.80E-07
46.7011,3.97E-08,4.78E-07
46.7513,6.35E-08,4.73E-07
46.8014,8.71E-08,4.65E-07
46.8515,1.10E-07,4.57E-07
46.9017,1.33E-07,4.46E-07
46.95,1.54E-07,4.33E-07
47.0001,1.75E-07,4.16E-07
47.0503,1.96E-07,3.94E-07
47.1004,2.15E-07,3.71E-07
47.1506,2.33E-07,3.47E-07
47.2007,2.50E-07,3.21E-07
47.2508,2.65E-07,2.96E-07
47.301,2.79E-07,2.69E-07
47.3512,2.92E-07,2.39E-07
47.4013,3.03E-07,2.05E-07
47.4515,3.13E-07,1.71E-07
47.5017,3.20E-07,1.40E-07
47.5501,3.26E-07,1.12E-07
47.6003,3.31E-07,7.96E-08
47.6505,3.34E-07,4.56E-08
47.7007,3.36E-07,1.14E-08
47.751,3.36E-07,-2.54E-08
47.8012,3.33E-07,-5.58E-08
47.8515,3.30E-07,-8.59E-08
47.9018,3.25E-07,-1.21E-07
47.9503,3.18E-07,-1.50E-07
48.0006,3.10E-07,-1.84E-07
48.0509,3.00E-07,-2.11E-07
48.1013,2.89E-07,-2.31E-07
48.1517,2.76E-07,-2.70E-07
48.2003,2.62E-07,-2.97E-07
48.2507,2.47E-07,-3.18E-07
48.3011,2.30E-07,-3.49E-07
48.3516,2.12E-07,-3.63E-07
48.4003,1.94E-07,-3.78E-07
48.4508,1.74E-07,-4.04E-07
48.5013,1.53E-07,-4.22E-07
48.55,1.32E-07,-4.42E-07
48.6006,1.09E-07,-4.60E-07
48.6512,8.59E-08,-4.68E-07
48.7,6.29E-08,-4.75E-07
48.7507,3.85E-08,-4.86E-07
48.8013,1.37E-08,-4.93E-07
48.8502,-1.06E-08,-5.00E-07
48.9009,-3.62E-08,-5.12E-07
48.9516,-6.23E-08,-5.14E-07
49.0005,-8.74E-08,-5.14E-07
49.0513,-1.13E-07,-5.12E-07
49.1002,-1.38E-07,-5.04E-07
49.151,-1.64E-07,-5.05E-07
49.2018,-1.90E-07,-5.08E-07
49.2507,-2.14E-07,-5.02E-07
49.3015,-2.40E-07,-4.97E-07
49.3505,-2.64E-07,-4.85E-07
49.4013,-2.88E-07,-4.67E-07
49.4503,-3.11E-07,-4.56E-07
49.501,-3.34E-07,-4.45E-07
49.55,-3.55E-07,-4.39E-07
49.6008,-3.77E-07,-4.32E-07
49.6515,-3.99E-07,-4.12E-07
49.7005,-4.18E-07,-3.90E-07
49.7512,-4.38E-07,-3.69E-07
49.8001,-4.55E-07,-3.47E-07
49.8508,-4.72E-07,-3.34E-07
49.9015,-4.89E-07,-3.20E-07
49.9503,-5.04E-07,-3.01E-07
50.0009,-5.19E-07,-2.75E-07
50.0515,-5.32E-07,-2.43E-07
50.1003,-5.43E-07,-2.16E-07
50.1508,-5.53E-07,-1.87E-07
50.2013,-5.62E-07,-1.64E-07
50.2517,-5.70E-07,-1.45E-07
50.3003,-5.76E-07,-1.16E-07
50.3507,-5.81E-07,-7.97E-08
50.4011,-5.84E-07,-4.13E-08
50.4514,-5.85E-07,8.94E-11
50.5016,-5.84E-07,3.32E-08
50.5501,-5.82E-07,6.21E-08
50.6003,-5.78E-07,9.64E-08
50.6504,-5.72E-07,1.34E-07
50.7005,-5.65E-07,1.79E-07
50.7506,-5.54E-07,2.32E-07
50.8006,-5.42E-07,2.78E-07
50.8506,-5.27E-07,3.15E-07
50.9005,-5.10E-07,3.48E-07
50.9504,-4.92E-07,3.88E-07
51.0003,-4.71E-07,4.35E-07
51.0502,-4.49E-07,4.82E-07
51.1017,-4.22E-07,5.31E-07
51.1515,-3.95E-07,5.69E-07
51.2013,-3.66E-07,5.98E-07
51.251,-3.35E-07,6.29E-07
51.3007,-3.03E-07,6.64E-07
51.3503,-2.69E-07,7.01E-07
51.4017,-2.32E-07,7.40E-07
51.4513,-1.95E-07,7.69E-07
51.5009,-1.56E-07,7.87E-07
51.5505,-1.17E-07,8.00E-07
51.6001,-7.68E-08,8.18E-07
51.6514,-3.43E-08,8.40E-07
51.7009,7.87E-09,8.61E-07
51.7505,5.09E-08,8.72E-07
51.8017,9.55E-08,8.65E-07
51.8513,1.38E-07,8.53E-07
51.9008,1.80E-07,8.42E-07
51.9503,2.21E-07,8.33E-07
52.0016,2.64E-07,8.27E-07
52.0511,3.05E-07,8.10E-07
52.1006,3.44E-07,7.76E-07
52.1501,3.81E-07,7.34E-07
52.2014,4.18E-07,6.84E-07
52.251,4.51E-07,6.42E-07
52.3005,4.81E-07,6.07E-07
52.3501,5.11E-07,5.72E-07
52.4014,5.39E-07,5.27E-07
52.451,5.64E-07,4.71E-07
52.5006,5.86E-07,4.07E-07
52.5503,6.04E-07,3.46E-07
52.6017,6.21E-07,2.91E-07
52.6514,6.34E-07,2.51E-07
52.7011,6.46E-07,2.17E-07
52.7508,6.55E-07,1.76E-07
52.8006,6.63E-07,1.24E-07
52.8503,6.68E-07,6.07E-08
52.9001,6.69E-07,1.34E-09
52.9518,6.68E-07,-5.18E-08
53.0016,6.64E-07,-9.24E-08
53.0515,6.59E-07,-1.22E-07
53.1015,6.52E-07,-1.61E-07
53.1515,6.42E-07,-2.14E-07
53.2015,6.30E-07,-2.79E-07
53.2515,6.14E-07,-3.50E-07
53.3016,5.95E-07,-4.05E-07
53.3518,5.74E-07,-4.43E-07
53.4002,5.52E-07,-4.75E-07
53.4504,5.27E-07,-5.04E-07
53.5007,5.01E-07,-5.49E-07
53.551,4.72E-07,-6.09E-07
53.6014,4.40E-07,-6.60E-07
53.65,4.07E-07,-6.99E-07
53.7005,3.71E-07,-7.23E-07
53.751,3.34E-07,-7.26E-07
53.8016,2.97E-07,-7.34E-07
53.8504,2.61E-07,-7.54E-07
53.9011,2.22E-07,-7.80E-07
53.9517,1.82E-07,-8.08E-07
54.0007,1.42E-07,-8.23E-07
54.0514,1.00E-07,-8.17E-07
54.1004,6.03E-08,-8.06E-07
54.1513,1.96E-08,-7.96E-07
54.2003,-1.93E-08,-7.93E-07
54.2512,-5.98E-08,-7.99E-07
54.3004,-9.91E-08,-8.01E-07
54.3513,-1.40E-07,-7.93E-07
54.4004,-1.79E-07,-7.84E-07
54.4514,-2.18E-07,-7.59E-07
54.5006,-2.55E-07,-7.33E-07
54.5516,-2.91E-07,-7.16E-07
54.6007,-3.26E-07,-6.97E-07
54.6517,-3.61E-07,-6.82E-07
54.7009,-3.94E-07,-6.64E-07
54.75,-4.26E-07,-6.31E-07
54.801,-4.58E-07,-5.99E-07
54.8501,-4.86E-07,-5.69E-07
54.901,-5.14E-07,-5.35E-07
54.9501,-5.40E-07,-5.08E-07
55.001,-5.65E-07,-4.79E-07
55.05,-5.88E-07,-4.43E-07
55.1008,-6.09E-07,-4.05E-07
55.1516,-6.29E-07,-3.67E-07
55.2005,-6.46E-07,-3.29E-07
55.2512,-6.62E-07,-2.99E-07
55.3017,-6.76E-07,-2.72E-07
55.3502,-6.89E-07,-2.37E-07
55.4004,-7.00E-07,-2.02E-07
55.4505,-7.09E-07,-1.68E-07
55.5004,-7.16E-07,-1.24E-07
55.5502,-7.21E-07,-8.63E-08
55.6,-7.25E-07,-5.87E-08
55.6516,-7.27E-07,-2.21E-08
55.7013,-7.27E-07,1.51E-08
55.7511,-7.26E-07,5.50E-08
55.801,-7.22E-07,1.02E-07
55.8509,-7.15E-07,1.48E-07
55.9008,-7.07E-07,1.97E-07
55.9507,-6.96E-07,2.42E-07
56.0006,-6.83E-07,2.81E-07
56.0503,-6.68E-07,3.33E-07
56.1001,-6.50E-07,3.90E-07
56.1515,-6.28E-07,4.46E-07
56.2011,-6.05E-07,5.04E-07
56.2507,-5.78E-07,5.54E-07
56.3001,-5.50E-07,5.97E-07
56.3514,-5.18E-07,6.42E-07
56.4008,-4.85E-07,6.79E-07
56.4501,-4.51E-07,7.20E-07
56.5012,-4.13E-07,7.69E-07
56.5505,-3.74E-07,8.03E-07
56.6014,-3.32E-07,8.30E-07
56.6506,-2.91E-07,8.47E-07
56.7015,-2.48E-07,8.60E-07
56.7507,-2.05E-07,8.76E-07
56.8015,-1.60E-07,8.86E-07
56.8506,-1.16E-07,8.94E-07
56.9014,-7.09E-08,8.99E-07
56.9505,-2.69E-08,8.96E-07
57.0012,1.84E-08,8.88E-07
57.0502,6.16E-08,8.71E-07
57.101,1.05E-07,8.55E-07
57.1517,1.48E-07,8.36E-07
57.2007,1.89E-07,8.17E-07
57.2514,2.30E-07,7.89E-07
57.3004,2.67E-07,7.52E-07
57.3511,3.04E-07,7.10E-07
57.4,3.38E-07,6.63E-07
57.4508,3.70E-07,6.17E-07
57.5015,4.01E-07,5.75E-07
57.5505,4.28E-07,5.26E-07
57.6012,4.53E-07,4.79E-07
57.6502,4.75E-07,4.30E-07
57.701,4.96E-07,3.73E-07
57.7501,5.13E-07,3.28E-07
57.8009,5.29E-07,2.82E-07
57.8517,5.42E-07,2.39E-07
57.9008,5.53E-07,2.03E-07
57.9517,5.62E-07,1.57E-07
58.0008,5.69E-07,1.19E-07
58.05,5.74E-07,8.31E-08
58.101,5.77E-07,4.17E-08
58.1502,5.78E-07,1.47E-08
58.2013,5.78E-07,-1.70E-08
58.2506,5.76E-07,-4.99E-08
58.3017,5.73E-07,-8.17E-08
58.3511,5.68E-07,-1.17E-07
58.4005,5.62E-07,-1.47E-07
58.4517,5.53E-07,-1.68E-07
58.5013,5.45E-07,-1.91E-07
58.5508,5.34E-07,-2.16E-07
58.6005,5.23E-07,-2.39E-07
58.6502,5.11E-07,-2.71E-07
58.7017,4.96E-07,-3.00E-07
58.7515,4.80E-07,-3.18E-07
58.8013,4.64E-07,-3.41E-07
58.8512,4.46E-07,-3.63E-07
58.9012,4.28E-07,-3.89E-07
58.9512,4.07E-07,-4.23E-07
59.0013,3.86E-07,-4.51E-07
59.0515,3.62E-07,-4.74E-07
59.1017,3.38E-07,-4.94E-07
59.1501,3.14E-07,-5.12E-07
59.2004,2.87E-07,-5.35E-07
59.2508,2.60E-07,-5.64E-07
59.3012,2.31E-07,-5.91E-07
59.3516,2.00E-07,-6.13E-07
59.4003,1.70E-07,-6.30E-07
59.4508,1.38E-07,-6.40E-07
59.5014,1.05E-07,-6.42E-07
59.5502,7.38E-08,-6.56E-07
59.6008,4.00E-08,-6.80E-07
59.6514,5.06E-09,-7.00E-07
59.7003,-2.95E-08,-7.15E-07
59.751,-6.58E-08,-7.14E-07
59.8017,-1.02E-07,-6.98E-07
59.8505,-1.36E-07,-6.94E-07
59.9012,-1.71E-07,-6.93E-07
59.9501,-2.05E-07,-6.99E-07
60.0008,-2.40E-07,-7.06E-07
60.0515,-2.76E-07,-7.00E-07
60.1003,-3.10E-07,-6.79E-07
60.151,-3.43E-07,-6.48E-07
60.2016,-3.75E-07,-6.12E-07
60.2504,-4.05E-07,-5.88E-07
60.301,-4.34E-07,-5.73E-07
60.3515,-4.63E-07,-5.57E-07
60.4003,-4.89E-07,-5.31E-07
60.4507,-5.15E-07,-4.92E-07
60.5012,-5.38E-07,-4.39E-07
60.5516,-5.59E-07,-3.89E-07
60.6002,-5.77E-07,-3.51E-07
60.6505,-5.94E-07,-3.18E-07
60.7008,-6.09E-07,-2.93E-07
60.7511,-6.23E-07,-2.59E-07
60.8013,-6.35E-07,-2.15E-07
60.8514,-6.45E-07,-1.67E-07
60.9015,-6.52E-07,-1.18E-07
60.9516,-6.57E-07,-7.98E-08
61.0016,-6.60E-07,-4.96E-08
61.0516,-6.62E-07,-1.75E-08
61.1015,-6.62E-07,1.60E-08
61.1514,-6.60E-07,5.82E-08
61.2013,-6.56E-07,1.07E-07
61.251,-6.49E-07,1.48E-07
61.3008,-6.41E-07,1.84E-07
61.3505,-6.31E-07,2.13E-07
61.4001,-6.20E-07,2.40E-07
61.4515,-6.07E-07,2.81E-07
61.5011,-5.92E-07,3.25E-07
61.5506,-5.74E-07,3.69E-07
61.6001,-5.55E-07,4.08E-07
61.6513,-5.34E-07,4.37E-07
61.7006,-5.11E-07,4.58E-07
61.7517,-4.87E-07,4.82E-07
61.801,-4.63E-07,5.10E-07
61.8503,-4.37E-07,5.46E-07
61.9013,-4.08E-07,5.81E-07
61.9505,-3.79E-07,6.07E-07
62.0014,-3.48E-07,6.26E-07
62.0505,-3.17E-07,6.35E-07
62.1013,-2.84E-07,6.45E-07
62.1504,-2.52E-07,6.59E-07
62.2012,-2.18E-07,6.77E-07
62.2502,-1.85E-07,6.92E-07
62.3009,-1.49E-07,7.02E-07
62.3516,-1.14E-07,7.04E-07
62.4006,-7.94E-08,6.96E-07
62.4512,-4.43E-08,6.91E-07
62.5001,-1.05E-08,6.90E-07
62.5508,2.44E-08,6.90E-07
62.6014,5.94E-08,6.91E-07
62.6503,9.30E-08,6.85E-07
62.7009,1.27E-07,6.65E-07
62.7515,1.60E-07,6.39E-07
62.8004,1.91E-07,6.21E-07
62.851,2.22E-07,6.01E-07
62.9017,2.52E-07,5.88E-07
62.9505,2.80E-07,5.71E-07
63.0012,3.09E-07,5.41E-07
63.0501,3.34E-07,5.11E-07
63.1008,3.59E-07,4.74E-07
63.1515,3.82E-07,4.39E-07
63.2004,4.03E-07,4.14E-07
63.2512,4.24E-07,3.87E-07
63.3002,4.42E-07,3.54E-07
63.351,4.59E-07,3.17E-07
63.4,4.73E-07,2.80E-07
63.4509,4.87E-07,2.42E-07
63.5017,4.98E-07,2.08E-07
63.5509,5.08E-07,1.78E-07
63.6001,5.16E-07,1.47E-07
63.6511,5.22E-07,1.13E-07
63.7003,5.27E-07,8.39E-08
63.7514,5.31E-07,5.09E-08
63.8008,5.32E-07,1.57E-08
63.8501,5.32E-07,-1.19E-08
63.9013,5.31E-07,-4.36E-08
63.9508,5.28E-07,-7.48E-08
64.0003,5.24E-07,-9.73E-08
64.0516,5.18E-07,-1.26E-07
64.1013,5.11E-07,-1.54E-07
64.1509,5.03E-07,-1.79E-07
64.2006,4.93E-07,-2.13E-07
64.2504,4.82E-07,-2.44E-07
64.3002,4.69E-07,-2.69E-07
64.35,4.55E-07,-2.98E-07
64.4017,4.39E-07,-3.22E-07
64.4516,4.22E-07,-3.49E-07
64.5016,4.04E-07,-3.78E-07
64.5517,3.84E-07,-4.03E-07
64.6017,3.63E-07,-4.34E-07
64.6501,3.42E-07,-4.61E-07
64.7003,3.18E-07,-4.83E-07
64.7505,2.93E-07,-5.09E-07
64.8007,2.67E-07,-5.29E-07
64.851,2.40E-07,-5.49E-07
64.9013,2.12E-07,-5.70E-07
64.9517,1.83E-07,-5.85E-07
65.0003,1.54E-07,-6.05E-07
65.0507,1.23E-07,-6.25E-07
65.1011,9.08E-08,-6.37E-07
65.1516,5.84E-08,-6.50E-07
65.2003,2.66E-08,-6.56E-07
65.2508,-6.52E-09,-6.54E-07
65.3013,-3.96E-08,-6.57E-07
65.35,-7.17E-08,-6.59E-07
65.4006,-1.05E-07,-6.64E-07
65.4511,-1.39E-07,-6.67E-07
65.5016,-1.72E-07,-6.60E-07
65.5504,-2.04E-07,-6.47E-07
65.6009,-2.36E-07,-6.29E-07
65.6514,-2.68E-07,-6.11E-07
65.7001,-2.97E-07,-6.00E-07
65.7506,-3.27E-07,-5.87E-07
65.8011,-3.56E-07,-5.69E-07
65.8516,-3.85E-07,-5.47E-07
65.9002,-4.10E-07,-5.15E-07
65.9506,-4.35E-07,-4.76E-07
66.001,-4.59E-07,-4.43E-07
66.0514,-4.80E-07,-4.10E-07
66.1017,-5.00E-07,-3.80E-07
66.1502,-5.18E-07,-3.54E-07
66.2005,-5.35E-07,-3.19E-07
66.2507,-5.50E-07,-2.80E-07
66.3009,-5.63E-07,-2.42E-07
66.3511,-5.74E-07,-2.02E-07
66.4012,-5.83E-07,-1.66E-07
66.4513,-5.91E-07,-1.35E-07
66.5014,-5.97E-07,-9.93E-08
66.5514,-6.01E-07,-6.25E-08
66.6014,-6.03E-07,-2.21E-08
66.6513,-6.03E-07,1.76E-08
66.7012,-6.01E-07,5.22E-08
66.751,-5.98E-07,8.40E-08
66.8008,-5.93E-07,1.16E-07
66.8506,-5.86E-07,1.51E-07
66.9003,-5.78E-07,1.90E-07
66.95,-5.67E-07,2.29E-07
67.0014,-5.55E-07,2.65E-07
67.051,-5.40E-07,3.03E-07
67.1006,-5.25E-07,3.34E-07
67.1501,-5.07E-07,3.63E-07
67.2014,-4.88E-07,3.96E-07
67.2508,-4.68E-07,4.23E-07
67.3002,-4.46E-07,4.54E-07
67.3514,-4.22E-07,4.86E-07
67.4007,-3.97E-07,5.13E-07
67.4517,-3.70E-07,5.41E-07
67.501,-3.43E-07,5.62E-07
67.5502,-3.15E-07,5.81E-07
67.6012,-2.85E-07,6.01E-07
67.6504,-2.55E-07,6.18E-07
67.7013,-2.23E-07,6.37E-07
67.7504,-1.91E-07,6.53E-07
67.8012,-1.58E-07,6.62E-07
67.8503,-1.25E-07,6.68E-07
67.9011,-9.13E-08,6.71E-07
67.9502,-5.83E-08,6.73E-07
68.0009,-2.41E-08,6.76E-07
68.0517,1.04E-08,6.79E-07
68.1007,4.36E-08,6.76E-07
68.1515,7.77E-08,6.69E-07
68.2004,1.10E-07,6.63E-07
68.2512,1.44E-07,6.51E-07
68.3002,1.75E-07,6.37E-07
68.3509,2.07E-07,6.23E-07
68.4016,2.39E-07,6.07E-07
68.4506,2.68E-07,5.89E-07
68.5014,2.97E-07,5.69E-07
68.5504,3.25E-07,5.47E-07
68.6012,3.52E-07,5.24E-07
68.6502,3.77E-07,4.97E-07
68.701,4.01E-07,4.68E-07
68.7501,4.24E-07,4.41E-07
68.801,4.45E-07,4.08E-07
68.8501,4.65E-07,3.81E-07
68.901,4.83E-07,3.51E-07
68.9502,5.00E-07,3.21E-07
69.0011,5.15E-07,2.92E-07
69.0504,5.29E-07,2.58E-07
69.1014,5.41E-07,2.28E-07
69.1507,5.52E-07,1.93E-07
69.2001,5.60E-07,1.60E-07
69.2512,5.68E-07,1.30E-07
69.3006,5.74E-07,9.85E-08
69.35,5.78E-07,6.86E-08
69.4013,5.80E-07,4.04E-08
69.4508,5.82E-07,6.50E-09
69.5004,5.81E-07,-2.78E-08
69.55,5.79E-07,-6.01E-08
69.6015,5.75E-07,-9.52E-08
69.6512,5.69E-07,-1.24E-07
69.7009,5.63E-07,-1.52E-07
69.7507,5.54E-07,-1.82E-07
69.8006,5.44E-07,-2.16E-07
69.8505,5.33E-07,-2.52E-07
69.9004,5.19E-07,-2.87E-07
69.9504,5.04E-07,-3.22E-07
70.0005,4.87E-07,-3.51E-07
70.0505,4.69E-07,-3.80E-07
70.1007,4.49E-07,-4.11E-07
70.1508,4.28E-07,-4.41E-07
70.2011,4.05E-07,-4.75E-07
70.2513,3.80E-07,-5.07E-07
70.3016,3.54E-07,-5.33E-07
70.3502,3.27E-07,-5.56E-07
70.4006,2.99E-07,-5.73E-07
70.451,2.70E-07,-5.92E-07
70.5014,2.39E-07,-6.14E-07
70.5501,2.09E-07,-6.33E-07
70.6006,1.76E-07,-6.54E-07
70.6511,1.43E-07,-6.68E-07
70.7017,1.09E-07,-6.74E-07
70.7505,7.59E-08,-6.78E-07
70.801,4.16E-08,-6.79E-07
70.8517,7.18E-09,-6.82E-07
70.9005,-2.63E-08,-6.88E-07
70.9511,-6.11E-08,-6.87E-07
71.0017,-9.57E-08,-6.81E-07
71.0506,-1.29E-07,-6.72E-07
71.1012,-1.62E-07,-6.56E-07
71.15,-1.94E-07,-6.41E-07
71.2007,-2.26E-07,-6.25E-07
71.2513,-2.57E-07,-6.08E-07
71.3001,-2.87E-07,-5.92E-07
71.3507,-3.16E-07,-5.68E-07
71.4013,-3.44E-07,-5.38E-07
71.45,-3.70E-07,-5.10E-07
71.5006,-3.95E-07,-4.79E-07
71.5511,-4.18E-07,-4.52E-07
71.6016,-4.40E-07,-4.25E-07
71.6502,-4.60E-07,-3.94E-07
71.7007,-4.79E-07,-3.58E-07
71.7511,-4.96E-07,-3.21E-07
71.8015,-5.11E-07,-2.82E-07
71.85,-5.24E-07,-2.47E-07
71.9003,-5.36E-07,-2.17E-07
71.9506,-5.46E-07,-1.86E-07
72.0008,-5.55E-07,-1.52E-07
72.051,-5.61E-07,-1.18E-07
72.1012,-5.66E-07,-7.91E-08
72.1513,-5.69E-07,-3.75E-08
72.2014,-5.70E-07,-4.80E-09
72.2514,-5.70E-07,2.84E-08
72.3014,-5.67E-07,6.08E-08
72.3513,-5.64E-07,9.37E-08
72.4012,-5.58E-07,1.32E-07
72.4511,-5.50E-07,1.72E-07
72.5009,-5.41E-07,2.12E-07
72.5507,-5.29E-07,2.47E-07
72.6004,-5.16E-07,2.79E-07
72.6501,-5.02E-07,3.11E-07
72.7015,-4.85E-07,3.46E-07
72.7511,-4.67E-07,3.83E-07
72.8007,-4.47E-07,4.21E-07
72.8502,-4.25E-07,4.54E-07
72.9015,-4.01E-07,4.84E-07
72.9509,-3.76E-07,5.12E-07
73.0003,-3.50E-07,5.38E-07
73.0515,-3.22E-07,5.65E-07
73.1008,-2.94E-07,5.92E-07
73.1501,-2.64E-07,6.16E-07
73.2011,-2.32E-07,6.35E-07
73.2504,-2.00E-07,6.51E-07
73.3014,-1.67E-07,6.66E-07
73.3506,-1.34E-07,6.76E-07
73.4015,-9.89E-08,6.88E-07
73.4507,-6.48E-08,6.97E-07
73.5016,-2.92E-08,7.02E-07
73.5507,5.31E-09,7.04E-07
73.6016,4.11E-08,7.04E-07
73.6507,7.56E-08,7.02E-07
73.7015,1.11E-07,6.99E-07
73.7506,1.45E-07,6.90E-07
73.8014,1.80E-07,6.78E-07
73.8505,2.13E-07,6.62E-07
73.9014,2.46E-07,6.45E-07
73.9504,2.78E-07,6.28E-07
74.0013,3.09E-07,6.11E-07
74.0504,3.39E-07,5.91E-07
74.1013,3.68E-07,5.64E-07
74.1504,3.95E-07,5.37E-07
74.2013,4.22E-07,5.07E-07
74.2504,4.46E-07,4.75E-07
74.3013,4.69E-07,4.46E-07
74.3505,4.90E-07,4.21E-07
74.4015,5.11E-07,3.89E-07
74.4507,5.29E-07,3.58E-07
74.5018,5.47E-07,3.22E-07
74.551,5.62E-07,2.83E-07
74.6004,5.75E-07,2.51E-07
74.6515,5.87E-07,2.19E-07
74.7009,5.97E-07,1.89E-07
74.7503,6.06E-07,1.62E-07
74.8015,6.13E-07,1.29E-07
74.851,6.19E-07,9.41E-08
74.9005,6.22E-07,5.92E-08
74.9501,6.25E-07,2.68E-08
75.0014,6.25E-07,-4.71E-09
75.0511,6.24E-07,-3.30E-08
75.1008,6.22E-07,-6.16E-08
75.1505,6.18E-07,-9.81E-08
75.2003,6.12E-07,-1.33E-07
75.2501,6.05E-07,-1.67E-07
75.3,5.95E-07,-2.02E-07
75.3517,5.84E-07,-2.32E-07
75.4017,5.72E-07,-2.61E-07
75.4517,5.58E-07,-2.94E-07
75.5018,5.42E-07,-3.30E-07
75.5501,5.26E-07,-3.67E-07
75.6003,5.06E-07,-4.03E-07
75.6505,4.85E-07,-4.33E-07
75.7007,4.63E-07,-4.60E-07
75.751,4.39E-07,-4.85E-07
75.8014,4.14E-07,-5.12E-07
75.8518,3.87E-07,-5.40E-07
75.9004,3.60E-07,-5.70E-07
75.9509,3.31E-07,-5.98E-07
76.0014,3.00E-07,-6.18E-07
76.0501,2.70E-07,-6.34E-07
76.1006,2.37E-07,-6.46E-07
76.1512,2.04E-07,-6.59E-07
76.2001,1.72E-07,-6.74E-07
76.2507,1.37E-07,-6.88E-07
76.3014,1.02E-07,-6.95E-07
76.3503,6.81E-08,-7.02E-07
76.401,3.25E-08,-7.01E-07
76.4517,-3.00E-09,-6.99E-07
76.5006,-3.72E-08,-6.98E-07
76.5513,-7.24E-08,-6.88E-07
76.6002,-1.06E-07,-6.81E-07
76.651,-1.40E-07,-6.75E-07
76.7017,-1.74E-07,-6.56E-07
76.7506,-2.06E-07,-6.41E-07
76.8013,-2.38E-07,-6.23E-07
76.8502,-2.68E-07,-5.97E-07
76.9009,-2.97E-07,-5.77E-07
76.9516,-3.26E-07,-5.53E-07
77.0004,-3.52E-07,-5.19E-07
77.051,-3.78E-07,-4.94E-07
77.1016,-4.02E-07,-4.66E-07
77.1504,-4.24E-07,-4.33E-07
77.201,-4.45E-07,-4.02E-07
77.2515,-4.65E-07,-3.65E-07
77.3002,-4.81E-07,-3.28E-07
77.3506,-4.97E-07,-2.94E-07
77.401,-5.11E-07,-2.60E-07
77.4514,-5.23E-07,-2.27E-07
77.5018,-5.34E-07,-1.94E-07
77.5503,-5.43E-07,-1.58E-07
77.6005,-5.50E-07,-1.21E-07
77.6508,-5.55E-07,-8.68E-08
77.701,-5.58E-07,-5.00E-08
77.7511,-5.60E-07,-1.75E-08
77.8012,-5.60E-07,1.50E-08
77.8512,-5.58E-07,5.38E-08
77.9013,-5.55E-07,9.19E-08
77.9512,-5.49E-07,1.29E-07
78.0011,-5.42E-07,1.66E-07
78.051,-5.33E-07,2.00E-07
78.1009,-5.22E-07,2.34E-07
78.1506,-5.09E-07,2.69E-07
78.2004,-4.95E-07,3.06E-07
78.2501,-4.79E-07,3.44E-07
78.3015,-4.60E-07,3.84E-07
78.3511,-4.40E-07,4.18E-07
78.4007,-4.19E-07,4.46E-07
78.4502,-3.96E-07,4.76E-07
78.5015,-3.71E-07,5.06E-07
78.5509,-3.45E-07,5.35E-07
78.6003,-3.18E-07,5.66E-07
78.6515,-2.88E-07,5.93E-07
78.7008,-2.58E-07,6.15E-07
78.7502,-2.28E-07,6.32E-07
78.8012,-1.95E-07,6.48E-07
78.8505,-1.63E-07,6.65E-07
78.9015,-1.28E-07,6.79E-07
78.9507,-9.45E-08,6.91E-07
79.0016,-5.90E-08,7.02E-07
79.0508,-2.44E-08,7.05E-07
79.1017,1.15E-08,7.05E-07
79.1509,4.61E-08,7.04E-07
79.2017,8.19E-08,7.04E-07
79.2509,1.16E-07,7.00E-07
79.3017,1.52E-07,6.94E-07
79.3508,1.86E-07,6.82E-07
79.4017,2.20E-07,6.65E-07
79.4508,2.52E-07,6.49E-07
79.5017,2.85E-07,6.28E-07
79.5508,3.15E-07,6.09E-07
79.6017,3.46E-07,5.92E-07
79.6508,3.74E-07,5.65E-07
79.7017,4.02E-07,5.37E-07
79.7509,4.28E-07,5.10E-07
79.8,4.52E-07,4.74E-07
79.851,4.75E-07,4.45E-07
79.9002,4.97E-07,4.20E-07
79.9512,5.17E-07,3.86E-07
80.0004,5.36E-07,3.57E-07
80.0514,5.53E-07,3.20E-07
80.1008,5.68E-07,2.81E-07
80.1501,5.81E-07,2.48E-07
80.2012,5.93E-07,2.14E-07
80.2506,6.02E-07,1.83E-07
80.3,6.11E-07,1.55E-07
80.3513,6.18E-07,1.23E-07
80.4008,6.23E-07,8.86E-08
80.4503,6.27E-07,5.46E-08
80.5016,6.29E-07,1.99E-08
80.5513,6.29E-07,-1.26E-08
80.6009,6.27E-07,-4.12E-08
80.6506,6.25E-07,-7.29E-08
80.7004,6.20E-07,-1.06E-07
80.7501,6.14E-07,-1.39E-07
80.8018,6.06E-07,-1.77E-07
80.8516,5.96E-07,-2.09E-07
80.9016,5.85E-07,-2.40E-07
80.9515,5.72E-07,-2.74E-07
81.0016,5.58E-07,-3.05E-07
81.0516,5.42E-07,-3.39E-07
81.1018,5.24E-07,-3.76E-07
81.1501,5.05E-07,-4.08E-07
81.2003,4.83E-07,-4.39E-07
81.2506,4.61E-07,-4.69E-07
81.3009,4.36E-07,-4.95E-07
81.3512,4.11E-07,-5.22E-07
81.4016,3.84E-07,-5.49E-07
81.4503,3.56E-07,-5.75E-07
81.5007,3.27E-07,-6.04E-07
81.5512,2.96E-07,-6.24E-07
81.6018,2.64E-07,-6.41E-07
81.6505,2.32E-07,-6.53E-07
81.7011,1.99E-07,-6.65E-07
81.7517,1.65E-07,-6.80E-07
81.8006,1.31E-07,-6.92E-07
81.8512,9.60E-08,-6.98E-07
81.9001,6.17E-08,-7.07E-07
81.9508,2.58E-08,-7.09E-07
82.0015,-1.00E-08,-7.03E-07
82.0504,-4.43E-08,-7.00E-07
82.1012,-7.96E-08,-6.91E-07
82.1501,-1.13E-07,-6.84E-07
82.2008,-1.48E-07,-6.78E-07
82.2515,-1.82E-07,-6.62E-07
82.3004,-2.14E-07,-6.44E-07
82.3512,-2.46E-07,-6.25E-07
82.4,-2.76E-07,-5.99E-07
82.4507,-3.06E-07,-5.76E-07
82.5014,-3.34E-07,-5.53E-07
82.5502,-3.61E-07,-5.22E-07
82.6008,-3.86E-07,-4.96E-07
82.6514,-4.11E-07,-4.68E-07
82.7002,-4.33E-07,-4.33E-07
82.7507,-4.54E-07,-3.99E-07
82.8013,-4.73E-07,-3.61E-07
82.8517,-4.90E-07,-3.25E-07
82.9004,-5.05E-07,-2.95E-07
82.9508,-5.19E-07,-2.61E-07
83.0012,-5.32E-07,-2.26E-07
83.0515,-5.42E-07,-1.91E-07
83.1018,-5.51E-07,-1.52E-07
83.1502,-5.57E-07,-1.17E-07
83.2005,-5.62E-07,-8.46E-08
83.2506,-5.66E-07,-5.12E-08
83.3008,-5.68E-07,-1.89E-08
83.3508,-5.68E-07,1.70E-08
83.4009,-5.66E-07,5.43E-08
83.4509,-5.62E-07,9.09E-08
83.5008,-5.57E-07,1.27E-07
83.5507,-5.49E-07,1.61E-07
83.6006,-5.41E-07,1.94E-07
83.6504,-5.30E-07,2.27E-07
83.7002,-5.18E-07,2.63E-07
83.7517,-5.03E-07,3.01E-07
83.8014,-4.88E-07,3.38E-07
83.851,-4.70E-07,3.73E-07
83.9006,-4.51E-07,4.04E-07
83.9501,-4.30E-07,4.33E-07
84.0014,-4.07E-07,4.63E-07
84.0509,-3.83E-07,4.93E-07
84.1003,-3.58E-07,5.22E-07
84.1515,-3.31E-07,5.51E-07
84.2009,-3.03E-07,5.77E-07
84.2502,-2.74E-07,5.97E-07
84.3012,-2.43E-07,6.16E-07
84.3505,-2.12E-07,6.34E-07
84.4015,-1.79E-07,6.51E-07
84.4507,-1.47E-07,6.65E-07
84.5016,-1.13E-07,6.77E-07
84.5508,-7.93E-08,6.85E-07
84.6017,-4.42E-08,6.92E-07
84.6508,-1.02E-08,6.94E-07
84.7017,2.51E-08,6.95E-07
84.7508,5.93E-08,6.94E-07
84.8017,9.44E-08,6.90E-07
84.8508,1.28E-07,6.87E-07
84.9016,1.63E-07,6.75E-07
84.9507,1.96E-07,6.62E-07
85.0015,2.29E-07,6.48E-07
85.0506,2.60E-07,6.27E-07
85.1014,2.92E-07,6.11E-07
85.1505,3.21E-07,5.94E-07
85.2014,3.51E-07,5.67E-07
85.2505,3.78E-07,5.43E-07
85.3014,4.05E-07,5.15E-07
85.3505,4.30E-07,4.82E-07
85.4014,4.53E-07,4.55E-07
85.4506,4.75E-07,4.28E-07
85.5015,4.96E-07,3.96E-07
85.5508,5.15E-07,3.67E-07
85.6,5.32E-07,3.31E-07
85.651,5.48E-07,2.91E-07
85.7003,5.62E-07,2.60E-07
85.7514,5.74E-07,2.25E-07
85.8008,5.84E-07,1.96E-07
85.8502,5.93E-07,1.66E-07
85.9014,6.01E-07,1.31E-07
85.9509,6.06E-07,9.64E-08
86.0004,6.10E-07,6.23E-08
86.0517,6.13E-07,2.71E-08
86.1013,6.13E-07,-3.85E-09
86.1509,6.12E-07,-3.48E-08
86.2006,6.10E-07,-6.90E-08
86.2503,6.05E-07,-1.03E-07
86.3,6.00E-07,-1.39E-07
86.3516,5.91E-07,-1.76E-07
86.4014,5.82E-07,-2.08E-07
86.4513,5.71E-07,-2.41E-07
86.5013,5.58E-07,-2.77E-07
86.5512,5.43E-07,-3.07E-07
86.6013,5.27E-07,-3.44E-07
86.6514,5.09E-07,-3.81E-07
86.7015,4.89E-07,-4.15E-07
86.7517,4.67E-07,-4.48E-07
86.8001,4.45E-07,-4.76E-07
86.8503,4.20E-07,-5.02E-07
86.9006,3.94E-07,-5.31E-07
86.951,3.67E-07,-5.57E-07
87.0014,3.38E-07,-5.84E-07
87.0518,3.08E-07,-6.12E-07
87.1004,2.78E-07,-6.32E-07
87.1509,2.45E-07,-6.49E-07
87.2014,2.12E-07,-6.62E-07
87.2502,1.80E-07,-6.73E-07
87.3008,1.45E-07,-6.85E-07
87.3514,1.10E-07,-6.97E-07
87.4002,7.61E-08,-7.03E-07
87.4508,4.03E-08,-7.09E-07
87.5015,4.31E-09,-7.11E-07
87.5503,-3.03E-08,-7.07E-07
87.601,-6.60E-08,-7.02E-07
87.6517,-1.01E-07,-6.92E-07
87.7005,-1.35E-07,-6.83E-07
87.7512,-1.69E-07,-6.74E-07
87.8001,-2.02E-07,-6.58E-07
87.8508,-2.35E-07,-6.42E-07
87.9014,-2.67E-07,-6.20E-07
87.9503,-2.97E-07,-5.95E-07
88.0009,-3.26E-07,-5.70E-07
88.0515,-3.54E-07,-5.43E-07
88.1003,-3.80E-07,-5.13E-07
88.1509,-4.05E-07,-4.86E-07
88.2015,-4.29E-07,-4.59E-07
88.2502,-4.51E-07,-4.27E-07
88.3007,-4.72E-07,-3.93E-07
88.3512,-4.90E-07,-3.53E-07
88.4016,-5.07E-07,-3.15E-07
88.4502,-5.22E-07,-2.84E-07
88.5006,-5.35E-07,-2.51E-07
88.5509,-5.47E-07,-2.19E-07
88.6012,-5.57E-07,-1.87E-07
88.6515,-5.66E-07,-1.48E-07
88.7017,-5.72E-07,-1.12E-07
88.7501,-5.77E-07,-7.94E-08
88.8002,-5.80E-07,-4.39E-08
88.8503,-5.81E-07,-1.53E-08
88.9003,-5.81E-07,1.59E-08
88.9503,-5.80E-07,5.13E-08
89.0003,-5.76E-07,8.80E-08
89.0502,-5.71E-07,1.24E-07
89.1001,-5.64E-07,1.60E-07
89.1517,-5.55E-07,1.92E-07
89.2015,-5.45E-07,2.22E-07
89.2512,-5.33E-07,2.54E-07
89.3009,-5.19E-07,2.88E-07
89.3505,-5.04E-07,3.26E-07
89.4001,-4.87E-07,3.62E-07
89.4514,-4.68E-07,3.93E-07
89.501,-4.47E-07,4.21E-07
89.5504,-4.26E-07,4.50E-07
89.6016,-4.02E-07,4.77E-07
89.651,-3.78E-07,5.07E-07
89.7004,-3.52E-07,5.35E-07
89.7515,-3.24E-07,5.62E-07
89.8008,-2.96E-07,5.87E-07
89.85,-2.66E-07,6.02E-07
89.901,-2.35E-07,6.20E-07
89.9502,-2.04E-07,6.39E-07
90.0011,-1.71E-07,6.52E-07
90.0503,-1.39E-07,6.67E-07
90.1011,-1.05E-07,6.78E-07
90.1502,-7.13E-08,6.85E-07
90.2011,-3.64E-08,6.88E-07
90.2502,-2.62E-09,6.88E-07
90.301,3.24E-08,6.89E-07
90.35,6.61E-08,6.89E-07
90.4008,1.01E-07,6.88E-07
90.4516,1.36E-07,6.79E-07
90.5007,1.69E-07,6.66E-07
90.5514,2.02E-07,6.49E-07
90.6005,2.34E-07,6.31E-07
90.6513,2.65E-07,6.17E-07
90.7003,2.95E-07,6.03E-07
90.7511,3.25E-07,5.81E-07
90.8002,3.53E-07,5.57E-07
90.8511,3.81E-07,5.26E-07
90.9002,4.06E-07,4.94E-07
90.951,4.30E-07,4.66E-07
91.0002,4.53E-07,4.39E-07
91.0511,4.74E-07,4.12E-07
91.1003,4.94E-07,3.84E-07
91.1512,5.12E-07,3.46E-07
91.2005,5.28E-07,3.08E-07
91.2515,5.43E-07,2.71E-07
91.3008,5.56E-07,2.36E-07
91.3501,5.67E-07,2.07E-07
91.4012,5.76E-07,1.77E-07
91.4506,5.84E-07,1.46E-07
91.5001,5.91E-07,1.10E-07
91.5513,5.95E-07,7.10E-08
91.6008,5.98E-07,3.46E-08
91.6503,5.99E-07,1.72E-09
91.7017,5.98E-07,-3.06E-08
91.7513,5.96E-07,-6.14E-08
91.801,5.92E-07,-9.62E-08
91.8507,5.86E-07,-1.35E-07
91.9005,5.79E-07,-1.71E-07
91.9503,5.69E-07,-2.08E-07
92.0001,5.58E-07,-2.43E-07
92.05,5.45E-07,-2.76E-07
92.1017,5.30E-07,-3.10E-07
92.1517,5.14E-07,-3.44E-07
92.2018,4.95E-07,-3.81E-07
92.2501,4.76E-07,-4.18E-07
92.3002,4.54E-07,-4.55E-07
92.3504,4.31E-07,-4.83E-07
92.4006,4.06E-07,-5.09E-07
92.4508,3.80E-07,-5.34E-07
92.5011,3.52E-07,-5.59E-07
92.5515,3.23E-07,-5.88E-07
92.6,2.94E-07,-6.16E-07
92.6505,2.62E-07,-6.38E-07
92.7009,2.30E-07,-6.54E-07
92.7514,1.96E-07,-6.66E-07
92.8001,1.64E-07,-6.75E-07
92.8506,1.29E-07,-6.85E-07
92.9012,9.43E-08,-6.98E-07
92.9517,5.88E-08,-7.05E-07
93.0005,2.43E-08,-7.10E-07
93.0511,-1.17E-08,-7.12E-07
93.1018,-4.76E-08,-7.06E-07
93.1506,-8.19E-08,-6.98E-07
93.2012,-1.17E-07,-6.89E-07
93.2501,-1.50E-07,-6.80E-07
93.3007,-1.85E-07,-6.70E-07
93.3513,-2.18E-07,-6.55E-07
93.4002,-2.50E-07,-6.36E-07
93.4508,-2.81E-07,-6.13E-07
93.5014,-3.12E-07,-5.88E-07
93.5502,-3.40E-07,-5.62E-07
93.6008,-3.68E-07,-5.39E-07
93.6514,-3.94E-07,-5.09E-07
93.7001,-4.18E-07,-4.81E-07
93.7506,-4.42E-07,-4.54E-07
93.8011,-4.64E-07,-4.18E-07
93.8516,-4.84E-07,-3.84E-07
93.9003,-5.02E-07,-3.50E-07
93.9507,-5.19E-07,-3.13E-07
94.001,-5.34E-07,-2.82E-07
94.0514,-5.47E-07,-2.49E-07
94.1017,-5.59E-07,-2.14E-07
94.1502,-5.68E-07,-1.83E-07
94.2004,-5.77E-07,-1.46E-07
94.2506,-5.83E-07,-1.11E-07
94.3007,-5.88E-07,-8.12E-08
94.3508,-5.91E-07,-4.86E-08
94.4009,-5.93E-07,-1.68E-08
94.4509,-5.93E-07,1.56E-08
94.5009,-5.91E-07,5.08E-08
94.5508,-5.88E-07,8.75E-08
94.6007,-5.83E-07,1.20E-07
94.6506,-5.76E-07,1.52E-07
94.7004,-5.67E-07,1.84E-07
94.7501,-5.58E-07,2.14E-07
94.8016,-5.46E-07,2.49E-07
94.8513,-5.32E-07,2.84E-07
94.9009,-5.17E-07,3.19E-07
94.9504,-5.01E-07,3.54E-07
95.0017,-4.82E-07,3.84E-07
95.0512,-4.62E-07,4.13E-07
95.1007,-4.41E-07,4.42E-07
95.1501,-4.18E-07,4.70E-07
95.2012,-3.94E-07,5.02E-07
95.2505,-3.68E-07,5.31E-07
95.3016,-3.40E-07,5.56E-07
95.3508,-3.12E-07,5.80E-07
95.4001,-2.83E-07,5.97E-07
95.451,-2.52E-07,6.16E-07
95.5002,-2.22E-07,6.36E-07
95.5511,-1.89E-07,6.54E-07
95.6002,-1.56E-07,6.67E-07
95.6511,-1.22E-07,6.78E-07
95.7001,-8.86E-08,6.83E-07
95.7509,-5.38E-08,6.87E-07
95.8017,-1.88E-08,6.92E-07
95.8508,1.52E-08,6.95E-07
95.9016,5.05E-08,6.94E-07
95.9506,8.45E-08,6.93E-07
96.0013,1.19E-07,6.81E-07
96.0503,1.52E-07,6.69E-07
96.1011,1.86E-07,6.57E-07
96.1501,2.18E-07,6.42E-07
96.2009,2.50E-07,6.28E-07
96.2517,2.82E-07,6.11E-07
96.3007,3.11E-07,5.87E-07
96.3515,3.40E-07,5.62E-07
96.4006,3.67E-07,5.33E-07
96.4514,3.93E-07,5.02E-07
96.5005,4.18E-07,4.78E-07
96.5513,4.41E-07,4.50E-07
96.6005,4.63E-07,4.21E-07
96.6514,4.83E-07,3.90E-07
96.7006,5.01E-07,3.50E-07
96.7515,5.18E-07,3.11E-07
96.8008,5.33E-07,2.79E-07
96.85,5.46E-07,2.44E-07
96.9011,5.57E-07,2.14E-07
96.9504,5.67E-07,1.84E-07
97.0016,5.76E-07,1.48E-07
97.051,5.82E-07,1.12E-07
97.1004,5.87E-07,7.41E-08
97.1517,5.89E-07,3.65E-08
97.2012,5.91E-07,5.30E-09
97.2507,5.90E-07,-2.48E-08
97.3003,5.88E-07,-5.70E-08
97.3518,5.84E-07,-9.55E-08
97.4014,5.78E-07,-1.35E-07
97.4512,5.71E-07,-1.73E-07
97.5009,5.61E-07,-2.07E-07
97.5508,5.50E-07,-2.39E-07
97.6006,5.37E-07,-2.72E-07
97.6506,5.23E-07,-3.07E-07
97.7005,5.07E-07,-3.44E-07
97.7505,4.88E-07,-3.82E-07
97.8006,4.68E-07,-4.18E-07
97.8507,4.47E-07,-4.50E-07
97.9008,4.23E-07,-4.79E-07
97.951,3.99E-07,-5.05E-07
98.0012,3.73E-07,-5.32E-07
98.0515,3.45E-07,-5.61E-07
98.1,3.17E-07,-5.87E-07
98.1504,2.87E-07,-6.12E-07
98.2008,2.56E-07,-6.34E-07
98.2512,2.23E-07,-6.50E-07
98.3016,1.90E-07,-6.62E-07
98.3503,1.58E-07,-6.73E-07
98.4008,1.23E-07,-6.84E-07
98.4514,8.86E-08,-6.95E-07
98.5001,5.46E-08,-7.02E-07
98.5507,1.89E-08,-7.06E-07
98.6013,-1.68E-08,-7.07E-07
98.6501,-5.12E-08,-7.03E-07
98.7007,-8.66E-08,-6.95E-07
98.7513,-1.22E-07,-6.88E-07
98.8001,-1.55E-07,-6.78E-07
98.8507,-1.89E-07,-6.66E-07
98.9014,-2.22E-07,-6.53E-07
98.9502,-2.54E-07,-6.33E-07
99.0008,-2.85E-07,-6.11E-07
99.0514,-3.16E-07,-5.88E-07
99.1002,-3.44E-07,-5.63E-07
99.1508,-3.71E-07,-5.37E-07
99.2013,-3.98E-07,-5.09E-07
99.2501,-4.22E-07,-4.81E-07
99.3006,-4.46E-07,-4.53E-07
99.3511,-4.68E-07,-4.21E-07
99.4015,-4.88E-07,-3.87E-07
99.4501,-5.06E-07,-3.52E-07
99.5005,-5.23E-07,-3.16E-07
99.5509,-5.38E-07,-2.84E-07
99.6012,-5.52E-07,-2.53E-07
99.6515,-5.63E-07,-2.19E-07
99.7018,-5.74E-07,-1.85E-07
99.7502,-5.82E-07,-1.52E-07
99.8004,-5.88E-07,-1.16E-07
99.8505,-5.93E-07,-8.39E-08
99.9006,-5.97E-07,-5.43E-08
99.9507,-5.99E-07,-2.12E-08
100.001,-5.99E-07,1.02E-08
100.051,-5.98E-07,4.44E-08
100.101,-5.94E-07,8.36E-08
100.15,-5.89E-07,1.16E-07
100.2,-5.83E-07,1.48E-07
100.25,-5.75E-07,1.80E-07
100.302,-5.65E-07,2.10E-07
100.351,-5.53E-07,2.44E-07
100.401,-5.40E-07,2.80E-07
100.451,-5.26E-07,3.16E-07
100.5,-5.09E-07,3.54E-07
100.551,-4.90E-07,3.84E-07
100.601,-4.70E-07,4.10E-07
100.65,-4.49E-07,4.41E-07
100.701,-4.26E-07,4.70E-07
100.751,-4.02E-07,5.02E-07
100.8,-3.77E-07,5.34E-07
100.851,-3.49E-07,5.58E-07
100.9,-3.21E-07,5.80E-07
100.951,-2.91E-07,5.99E-07
101.001,-2.61E-07,6.17E-07
101.051,-2.29E-07,6.39E-07
101.101,-1.97E-07,6.58E-07
101.151,-1.63E-07,6.72E-07
101.201,-1.30E-07,6.82E-07
101.251,-9.49E-08,6.86E-07
101.3,-6.11E-08,6.90E-07
101.351,-2.59E-08,6.96E-07
101.4,8.32E-09,6.99E-07
101.451,4.38E-08,6.99E-07
101.5,7.81E-08,6.99E-07
101.551,1.13E-07,6.85E-07
101.602,1.48E-07,6.73E-07
101.65,1.80E-07,6.61E-07
101.701,2.14E-07,6.44E-07
101.75,2.45E-07,6.32E-07
101.801,2.77E-07,6.16E-07
101.85,3.06E-07,5.92E-07
101.901,3.36E-07,5.66E-07
101.952,3.64E-07,5.34E-07
102.001,3.89E-07,5.04E-07
102.052,4.14E-07,4.78E-07
102.101,4.37E-07,4.52E-07
102.152,4.59E-07,4.22E-07
102.201,4.79E-07,3.93E-07
102.252,4.98E-07,3.52E-07
102.301,5.14E-07,3.12E-07
102.35,5.29E-07,2.79E-07
102.401,5.42E-07,2.43E-07
102.45,5.53E-07,2.16E-07
102.501,5.64E-07,1.84E-07
102.551,5.72E-07,1.48E-07
102.6,5.78E-07,1.13E-07
102.651,5.83E-07,7.39E-08
102.701,5.86E-07,3.80E-08
102.75,5.87E-07,7.23E-09
102.802,5.87E-07,-2.50E-08
102.851,5.85E-07,-5.75E-08
102.901,5.81E-07,-9.25E-08
102.951,5.75E-07,-1.31E-07
103,5.68E-07,-1.68E-07
103.052,5.58E-07,-2.04E-07
103.102,5.47E-07,-2.37E-07
103.151,5.35E-07,-2.70E-07
103.201,5.20E-07,-3.05E-07
103.251,5.04E-07,-3.39E-07
103.301,4.86E-07,-3.77E-07
103.351,4.67E-07,-4.12E-07
103.401,4.45E-07,-4.44E-07
103.452,4.22E-07,-4.74E-07
103.502,3.98E-07,-5.01E-07
103.55,3.73E-07,-5.25E-07
103.6,3.46E-07,-5.53E-07
103.651,3.17E-07,-5.79E-07
103.701,2.87E-07,-6.05E-07
103.751,2.56E-07,-6.28E-07
103.8,2.25E-07,-6.44E-07
103.85,1.93E-07,-6.57E-07
103.901,1.59E-07,-6.68E-07
103.951,1.25E-07,-6.77E-07
104,9.19E-08,-6.88E-07
104.051,5.69E-08,-6.97E-07
104.101,2.16E-08,-7.01E-07
104.15,-1.28E-08,-7.06E-07
104.201,-4.84E-08,-7.02E-07
104.251,-8.37E-08,-6.92E-07
104.3,-1.17E-07,-6.86E-07
104.351,-1.52E-07,-6.75E-07
104.401,-1.86E-07,-6.65E-07
104.45,-2.18E-07,-6.55E-07
104.501,-2.51E-07,-6.35E-07
104.551,-2.82E-07,-6.14E-07
104.6,-3.12E-07,-5.93E-07
104.651,-3.41E-07,-5.64E-07
104.701,-3.69E-07,-5.39E-07
104.75,-3.95E-07,-5.16E-07
104.801,-4.20E-07,-4.85E-07
104.851,-4.44E-07,-4.59E-07
104.902,-4.66E-07,-4.28E-07
104.95,-4.86E-07,-3.92E-07
105.001,-5.05E-07,-3.57E-07
105.051,-5.22E-07,-3.22E-07
105.101,-5.37E-07,-2.89E-07
105.15,-5.51E-07,-2.61E-07
105.2,-5.63E-07,-2.27E-07
105.251,-5.74E-07,-1.92E-07
105.301,-5.82E-07,-1.57E-07
105.351,-5.89E-07,-1.20E-07
105.401,-5.94E-07,-8.86E-08
105.451,-5.98E-07,-5.87E-08
105.501,-6.00E-07,-2.60E-08
105.551,-6.01E-07,4.96E-09
105.601,-6.00E-07,4.02E-08
105.651,-5.97E-07,8.08E-08
105.701,-5.92E-07,1.14E-07
105.751,-5.85E-07,1.47E-07
105.801,-5.77E-07,1.78E-07
105.85,-5.68E-07,2.07E-07
105.9,-5.57E-07,2.41E-07
105.952,-5.43E-07,2.80E-07
106.001,-5.28E-07,3.16E-07
106.051,-5.12E-07,3.54E-07
106.1,-4.93E-07,3.85E-07
106.151,-4.73E-07,4.12E-07
106.201,-4.52E-07,4.43E-07
106.25,-4.29E-07,4.72E-07
106.301,-4.04E-07,5.04E-07
106.351,-3.79E-07,5.36E-07
106.402,-3.51E-07,5.61E-07
106.451,-3.22E-07,5.84E-07
106.5,-2.93E-07,6.03E-07
106.551,-2.62E-07,6.21E-07
106.6,-2.31E-07,6.42E-07
106.651,-1.98E-07,6.60E-07
106.7,-1.65E-07,6.74E-07
106.751,-1.30E-07,6.85E-07
106.8,-9.67E-08,6.91E-07
106.851,-6.15E-08,6.95E-07
106.9,-2.74E-08,6.97E-07
106.951,8.08E-09,7.01E-07
107.002,4.37E-08,7.02E-07
107.051,7.81E-08,7.00E-07
107.101,1.13E-07,6.88E-07
107.15,1.47E-07,6.75E-07
107.201,1.81E-07,6.62E-07
107.25,2.13E-07,6.45E-07
107.301,2.45E-07,6.32E-07
107.352,2.77E-07,6.16E-07
107.401,3.06E-07,5.91E-07
107.451,3.36E-07,5.66E-07
107.5,3.63E-07,5.36E-07
107.551,3.89E-07,5.03E-07
107.6,4.13E-07,4.79E-07
107.651,4.37E-07,4.50E-07
107.7,4.58E-07,4.22E-07
107.751,4.79E-07,3.92E-07
107.8,4.97E-07,3.53E-07
107.851,5.14E-07,3.12E-07
107.901,5.29E-07,2.78E-07
107.952,5.42E-07,2.42E-07
108.001,5.53E-07,2.14E-07
108.05,5.63E-07,1.85E-07
108.101,5.72E-07,1.49E-07
108.151,5.78E-07,1.14E-07
108.2,5.83E-07,7.63E-08
108.251,5.86E-07,3.97E-08
108.301,5.87E-07,7.59E-09
108.35,5.87E-07,-2.25E-08
108.402,5.85E-07,-5.49E-08
108.451,5.81E-07,-9.07E-08
108.501,5.76E-07,-1.27E-07
108.551,5.68E-07,-1.64E-07
108.601,5.59E-07,-1.99E-07
108.65,5.49E-07,-2.31E-07
108.7,5.36E-07,-2.63E-07
108.75,5.22E-07,-2.98E-07
108.8,5.07E-07,-3.32E-07
108.85,4.89E-07,-3.69E-07
108.9,4.70E-07,-4.04E-07
108.95,4.49E-07,-4.37E-07
109,4.26E-07,-4.66E-07
109.05,4.02E-07,-4.93E-07
109.101,3.77E-07,-5.19E-07
109.151,3.50E-07,-5.46E-07
109.201,3.22E-07,-5.72E-07
109.252,2.92E-07,-6.00E-07
109.3,2.62E-07,-6.22E-07
109.351,2.31E-07,-6.39E-07
109.401,1.98E-07,-6.53E-07
109.452,1.65E-07,-6.63E-07
109.5,1.32E-07,-6.73E-07
109.551,9.80E-08,-6.84E-07
109.601,6.32E-08,-6.94E-07
109.65,2.92E-08,-7.00E-07
109.701,-6.34E-09,-7.03E-07
109.751,-4.19E-08,-7.02E-07
109.8,-7.60E-08,-6.92E-07
109.851,-1.11E-07,-6.85E-07
109.901,-1.45E-07,-6.76E-07
109.95,-1.78E-07,-6.67E-07
110.001,-2.12E-07,-6.57E-07
110.051,-2.44E-07,-6.38E-07
110.1,-2.75E-07,-6.18E-07
110.151,-3.06E-07,-5.97E-07
110.201,-3.35E-07,-5.69E-07
110.25,-3.62E-07,-5.43E-07
110.301,-3.89E-07,-5.20E-07
110.351,-4.15E-07,-4.91E-07
110.402,-4.39E-07,-4.65E-07
110.45,-4.61E-07,-4.35E-07
110.501,-4.82E-07,-3.98E-07
110.551,-5.01E-07,-3.63E-07
110.602,-5.19E-07,-3.27E-07
110.65,-5.34E-07,-2.95E-07
110.701,-5.48E-07,-2.66E-07
110.751,-5.60E-07,-2.32E-07
110.801,-5.71E-07,-1.96E-07
110.851,-5.80E-07,-1.63E-07
110.902,-5.87E-07,-1.24E-07
110.95,-5.93E-07,-9.27E-08
111,-5.96E-07,-6.41E-08
111.05,-5.99E-07,-3.00E-08
111.1,-6.00E-07,2.28E-09
111.15,-5.99E-07,3.60E-08
111.2,-5.96E-07,7.65E-08
111.252,-5.91E-07,1.12E-07
111.302,-5.85E-07,1.45E-07
111.351,-5.76E-07,1.77E-07
111.401,-5.67E-07,2.07E-07
111.451,-5.56E-07,2.41E-07
111.5,-5.43E-07,2.78E-07
111.55,-5.28E-07,3.15E-07
111.601,-5.11E-07,3.55E-07
111.651,-4.93E-07,3.87E-07
111.7,-4.73E-07,4.12E-07
111.752,-4.51E-07,4.44E-07
111.801,-4.28E-07,4.73E-07
111.85,-4.04E-07,5.04E-07
111.902,-3.78E-07,5.37E-07
111.951,-3.50E-07,5.62E-07
112,-3.22E-07,5.85E-07
112.051,-2.92E-07,6.06E-07
112.1,-2.62E-07,6.22E-07
112.151,-2.29E-07,6.43E-07
112.2,-1.97E-07,6.61E-07
112.251,-1.63E-07,6.74E-07
112.3,-1.30E-07,6.86E-07
112.351,-9.49E-08,6.94E-07
112.4,-6.08E-08,6.95E-07
112.451,-2.54E-08,6.99E-07
112.502,1.01E-08,7.00E-07
112.551,4.44E-08,6.99E-07
112.602,7.99E-08,7.00E-07
112.651,1.14E-07,6.91E-07
112.701,1.49E-07,6.76E-07
112.75,1.82E-07,6.63E-07
112.801,2.15E-07,6.44E-07
112.85,2.46E-07,6.29E-07
112.901,2.78E-07,6.15E-07
112.952,3.08E-07,5.92E-07
113.001,3.37E-07,5.68E-07
113.051,3.65E-07,5.37E-07
113.101,3.90E-07,5.04E-07
113.151,4.15E-07,4.76E-07
113.2,4.38E-07,4.49E-07
113.251,4.60E-07,4.20E-07
113.3,4.80E-07,3.93E-07
113.351,4.99E-07,3.54E-07
113.401,5.16E-07,3.16E-07
113.452,5.31E-07,2.79E-07
113.501,5.44E-07,2.42E-07
113.55,5.55E-07,2.14E-07
113.601,5.65E-07,1.85E-07
113.651,5.73E-07,1.51E-07
113.702,5.80E-07,1.17E-07
113.751,5.85E-07,7.94E-08
113.801,5.88E-07,4.34E-08
113.85,5.89E-07,1.02E-08
113.901,5.89E-07,-2.28E-08
113.951,5.87E-07,-5.17E-08
114.001,5.84E-07,-8.51E-08
114.05,5.79E-07,-1.22E-07
114.1,5.72E-07,-1.58E-07
114.152,5.63E-07,-1.96E-07
114.201,5.52E-07,-2.28E-07
114.251,5.40E-07,-2.62E-07
114.301,5.26E-07,-2.94E-07
114.351,5.11E-07,-3.25E-07
114.401,4.93E-07,-3.63E-07
114.451,4.74E-07,-3.98E-07
114.501,4.53E-07,-4.32E-07
114.551,4.31E-07,-4.63E-07
114.602,4.07E-07,-4.90E-07
114.652,3.82E-07,-5.15E-07
114.7,3.56E-07,-5.40E-07
114.751,3.28E-07,-5.66E-07
114.801,2.99E-07,-5.93E-07
114.851,2.69E-07,-6.18E-07
114.902,2.37E-07,-6.37E-07
114.95,2.06E-07,-6.52E-07
115.001,1.72E-07,-6.62E-07
115.051,1.39E-07,-6.69E-07
115.1,1.06E-07,-6.82E-07
115.151,7.13E-08,-6.93E-07
115.201,3.61E-08,-6.99E-07
115.252,4.95E-10,-7.06E-07
115.301,-3.39E-08,-7.02E-07
115.351,-6.92E-08,-6.93E-07
115.4,-1.03E-07,-6.87E-07
115.451,-1.37E-07,-6.76E-07
115.501,-1.71E-07,-6.68E-07
115.55,-2.04E-07,-6.62E-07
115.601,-2.37E-07,-6.44E-07
115.651,-2.69E-07,-6.21E-07
115.7,-2.99E-07,-6.00E-07
115.751,-3.29E-07,-5.73E-07
115.801,-3.57E-07,-5.47E-07
115.85,-3.83E-07,-5.24E-07
115.901,-4.09E-07,-4.96E-07
115.951,-4.33E-07,-4.71E-07
116.002,-4.56E-07,-4.39E-07
116.05,-4.77E-07,-4.04E-07
116.101,-4.96E-07,-3.67E-07
116.151,-5.14E-07,-3.31E-07
116.202,-5.30E-07,-2.98E-07
116.25,-5.43E-07,-2.70E-07
116.3,-5.56E-07,-2.38E-07
116.351,-5.67E-07,-2.02E-07
116.401,-5.77E-07,-1.67E-07
116.451,-5.84E-07,-1.28E-07
116.501,-5.89E-07,-9.40E-08
116.551,-5.93E-07,-6.47E-08
116.602,-5.96E-07,-3.24E-08
116.652,-5.97E-07,-1.50E-09
116.702,-5.96E-07,3.33E-08
116.751,-5.93E-07,7.48E-08
116.801,-5.89E-07,1.10E-07
116.851,-5.82E-07,1.44E-07
116.901,-5.74E-07,1.77E-07
116.951,-5.65E-07,2.05E-07
117,-5.54E-07,2.38E-07
117.05,-5.41E-07,2.76E-07
117.102,-5.26E-07,3.14E-07
117.151,-5.09E-07,3.54E-07
117.201,-4.91E-07,3.87E-07
117.25,-4.71E-07,4.12E-07
117.301,-4.49E-07,4.42E-07
117.351,-4.27E-07,4.71E-07
117.4,-4.03E-07,5.01E-07
117.451,-3.76E-07,5.36E-07
117.501,-3.49E-07,5.64E-07
117.552,-3.20E-07,5.87E-07
117.601,-2.90E-07,6.04E-07
117.65,-2.60E-07,6.20E-07
117.701,-2.28E-07,6.39E-07
117.75,-1.96E-07,6.60E-07
117.801,-1.62E-07,6.76E-07
117.85,-1.29E-07,6.87E-07
117.901,-9.36E-08,6.94E-07
117.95,-5.96E-08,6.94E-07
118.001,-2.43E-08,6.95E-07
118.052,1.11E-08,6.98E-07
118.101,4.54E-08,7.01E-07
118.151,8.10E-08,7.01E-07
118.2,1.15E-07,6.93E-07
118.251,1.50E-07,6.77E-07
118.3,1.83E-07,6.60E-07
118.351,2.16E-07,6.43E-07
118.4,2.47E-07,6.27E-07
118.451,2.78E-07,6.15E-07
118.502,3.09E-07,5.96E-07
118.551,3.38E-07,5.70E-07
118.601,3.66E-07,5.39E-07
118.65,3.92E-07,5.03E-07
118.701,4.16E-07,4.73E-07
118.75,4.39E-07,4.50E-07
118.801,4.61E-07,4.23E-07
118.85,4.81E-07,3.97E-07
118.901,5.01E-07,3.60E-07
118.951,5.17E-07,3.17E-07
119.002,5.33E-07,2.79E-07
119.051,5.45E-07,2.43E-07
119.1,5.57E-07,2.14E-07
119.151,5.67E-07,1.89E-07
119.201,5.76E-07,1.58E-07
119.252,5.83E-07,1.21E-07
119.301,5.88E-07,8.22E-08
119.351,5.91E-07,4.35E-08
119.4,5.92E-07,9.46E-09
119.451,5.92E-07,-1.95E-08
119.501,5.90E-07,-4.62E-08
119.551,5.87E-07,-7.85E-08
119.6,5.82E-07,-1.15E-07
119.65,5.76E-07,-1.56E-07
119.702,5.67E-07,-1.95E-07
119.751,5.56E-07,-2.27E-07
119.801,5.44E-07,-2.58E-07
119.851,5.30E-07,-2.86E-07
119.901,5.15E-07,-3.18E-07
119.951,4.98E-07,-3.57E-07
120.001,4.80E-07,-3.95E-07
120.051,4.59E-07,-4.32E-07
120.101,4.36E-07,-4.63E-07
120.152,4.13E-07,-4.86E-07
120.2,3.88E-07,-5.09E-07
120.25,3.62E-07,-5.34E-07
120.301,3.35E-07,-5.61E-07
120.351,3.06E-07,-5.93E-07
120.401,2.75E-07,-6.19E-07
120.452,2.43E-07,-6.37E-07
120.5,2.12E-07,-6.50E-07
120.551,1.79E-07,-6.57E-07
120.601,1.46E-07,-6.66E-07
120.65,1.13E-07,-6.80E-07
120.701,7.81E-08,-6.94E-07
120.751,4.27E-08,-7.03E-07
120.8,8.32E-09,-7.06E-07
120.851,-2.74E-08,-7.02E-07
120.901,-6.27E-08,-6.92E-07
120.95,-9.63E-08,-6.86E-07
121.001,-1.31E-07,-6.78E-07
121.051,-1.65E-07,-6.73E-07
121.1,-1.98E-07,-6.65E-07
121.151,-2.31E-07,-6.47E-07
121.202,-2.63E-07,-6.23E-07
121.25,-2.93E-07,-6.00E-07
121.301,-3.23E-07,-5.75E-07
121.352,-3.51E-07,-5.51E-07
121.4,-3.78E-07,-5.29E-07
121.451,-4.04E-07,-5.02E-07
121.501,-4.28E-07,-4.74E-07
121.55,-4.51E-07,-4.42E-07
121.601,-4.72E-07,-4.06E-07
121.651,-4.92E-07,-3.70E-07
121.702,-5.09E-07,-3.36E-07
121.75,-5.25E-07,-3.05E-07
121.8,-5.40E-07,-2.75E-07
121.851,-5.53E-07,-2.40E-07
121.901,-5.64E-07,-2.03E-07
121.951,-5.73E-07,-1.68E-07
122.002,-5.80E-07,-1.30E-07
122.052,-5.86E-07,-9.91E-08
122.1,-5.90E-07,-7.08E-08
122.15,-5.93E-07,-3.69E-08
122.2,-5.94E-07,-4.46E-09
122.25,-5.93E-07,3.17E-08
122.3,-5.91E-07,7.18E-08
122.352,-5.86E-07,1.07E-07
122.402,-5.80E-07,1.40E-07
122.451,-5.72E-07,1.72E-07
122.501,-5.63E-07,2.02E-07
122.551,-5.52E-07,2.37E-07
122.601,-5.39E-07,2.75E-07
122.65,-5.25E-07,3.12E-07
122.702,-5.08E-07,3.51E-07
122.751,-4.89E-07,3.82E-07
122.801,-4.70E-07,4.09E-07
122.85,-4.49E-07,4.38E-07
122.901,-4.26E-07,4.70E-07
122.951,-4.02E-07,5.02E-07
123,-3.76E-07,5.33E-07
123.051,-3.48E-07,5.60E-07
123.1,-3.20E-07,5.83E-07
123.151,-2.90E-07,6.02E-07
123.201,-2.60E-07,6.19E-07
123.252,-2.28E-07,6.40E-07
123.301,-1.96E-07,6.59E-07
123.352,-1.62E-07,6.74E-07
123.401,-1.28E-07,6.85E-07
123.452,-9.34E-08,6.91E-07
123.501,-5.94E-08,6.94E-07
123.551,-2.41E-08,6.95E-07
123.601,1.01E-08,6.98E-07
123.651,4.56E-08,7.02E-07
123.7,8.00E-08,7.00E-07
123.751,1.15E-07,6.92E-07
123.8,1.49E-07,6.76E-07
123.851,1.83E-07,6.60E-07
123.902,2.16E-07,6.46E-07
123.951,2.47E-07,6.29E-07
124.001,2.79E-07,6.16E-07
124.051,3.09E-07,5.98E-07
124.101,3.38E-07,5.69E-07
124.15,3.66E-07,5.40E-07
124.201,3.92E-07,5.06E-07
124.25,4.16E-07,4.76E-07
124.301,4.40E-07,4.54E-07
124.35,4.61E-07,4.27E-07
124.401,4.82E-07,3.97E-07
124.45,5.01E-07,3.62E-07
124.501,5.18E-07,3.18E-07
124.551,5.33E-07,2.81E-07
124.602,5.47E-07,2.48E-07
124.651,5.58E-07,2.18E-07
124.7,5.68E-07,1.92E-07
124.751,5.77E-07,1.59E-07
124.801,5.84E-07,1.22E-07
124.85,5.89E-07,8.44E-08
124.901,5.93E-07,4.67E-08
124.951,5.94E-07,1.40E-08
125,5.94E-07,-1.33E-08
125.05,5.93E-07,-4.20E-08
125.101,5.90E-07,-7.75E-08
125.151,5.85E-07,-1.15E-07
125.201,5.78E-07,-1.55E-07
125.251,5.70E-07,-1.90E-07
125.3,5.59E-07,-2.21E-07
125.35,5.48E-07,-2.52E-07
125.4,5.34E-07,-2.83E-07
125.45,5.19E-07,-3.16E-07
125.5,5.03E-07,-3.56E-07
125.55,4.84E-07,-3.93E-07
125.6,4.63E-07,-4.28E-07
125.65,4.41E-07,-4.57E-07
125.701,4.17E-07,-4.81E-07
125.751,3.93E-07,-5.07E-07
125.801,3.67E-07,-5.34E-07
125.851,3.39E-07,-5.62E-07
125.902,3.10E-07,-5.94E-07
125.95,2.80E-07,-6.16E-07
126.001,2.49E-07,-6.33E-07
126.051,2.17E-07,-6.48E-07
126.102,1.84E-07,-6.56E-07
126.15,1.51E-07,-6.68E-07
126.201,1.17E-07,-6.84E-07
126.252,8.24E-08,-6.94E-07
126.3,4.83E-08,-7.01E-07
126.351,1.27E-08,-7.04E-07
126.402,-2.28E-08,-7.01E-07
126.45,-5.69E-08,-6.95E-07
126.501,-9.19E-08,-6.89E-07
126.552,-1.27E-07,-6.81E-07
126.601,-1.60E-07,-6.76E-07
126.651,-1.94E-07,-6.65E-07
126.702,-2.27E-07,-6.45E-07
126.751,-2.58E-07,-6.26E-07
126.801,-2.89E-07,-6.02E-07
126.85,-3.18E-07,-5.79E-07
126.901,-3.47E-07,-5.58E-07
126.951,-3.74E-07,-5.31E-07
127,-3.99E-07,-5.02E-07
127.051,-4.24E-07,-4.76E-07
127.101,-4.47E-07,-4.43E-07
127.152,-4.69E-07,-4.09E-07
127.2,-4.88E-07,-3.78E-07
127.251,-5.06E-07,-3.40E-07
127.301,-5.22E-07,-3.07E-07
127.351,-5.37E-07,-2.75E-07
127.402,-5.50E-07,-2.39E-07
127.45,-5.61E-07,-2.08E-07
127.5,-5.70E-07,-1.73E-07
127.551,-5.78E-07,-1.35E-07
127.601,-5.84E-07,-1.04E-07
127.651,-5.89E-07,-7.18E-08
127.701,-5.91E-07,-3.68E-08
127.751,-5.92E-07,-5.53E-09
127.801,-5.92E-07,3.00E-08
127.851,-5.89E-07,6.78E-08
127.901,-5.85E-07,1.01E-07
127.951,-5.79E-07,1.36E-07
128.001,-5.72E-07,1.70E-07
128.05,-5.62E-07,2.00E-07
128.1,-5.52E-07,2.35E-07
128.152,-5.38E-07,2.72E-07
128.201,-5.24E-07,3.07E-07
128.251,-5.08E-07,3.44E-07
128.3,-4.90E-07,3.78E-07
128.352,-4.70E-07,4.08E-07
128.401,-4.49E-07,4.39E-07
128.451,-4.27E-07,4.68E-07
128.5,-4.03E-07,4.97E-07
128.551,-3.76E-07,5.29E-07
128.6,-3.50E-07,5.55E-07
128.652,-3.21E-07,5.80E-07
128.701,-2.92E-07,6.01E-07
128.752,-2.61E-07,6.19E-07
128.801,-2.30E-07,6.39E-07
128.85,-1.98E-07,6.56E-07
128.901,-1.64E-07,6.70E-07
128.95,-1.31E-07,6.82E-07
129.001,-9.59E-08,6.89E-07
129.05,-6.19E-08,6.93E-07
129.101,-2.66E-08,6.97E-07
129.152,8.87E-09,6.99E-07
129.201,4.32E-08,7.00E-07
129.251,7.87E-08,6.98E-07
129.301,1.13E-07,6.90E-07
129.351,1.47E-07,6.76E-07
129.4,1.80E-07,6.65E-07
129.451,2.14E-07,6.48E-07
129.5,2.45E-07,6.31E-07
129.551,2.77E-07,6.18E-07
129.602,3.08E-07,5.96E-07
129.651,3.36E-07,5.70E-07
129.702,3.64E-07,5.42E-07
129.751,3.90E-07,5.11E-07
129.801,4.15E-07,4.81E-07
129.851,4.38E-07,4.57E-07
129.901,4.61E-07,4.28E-07
129.951,4.81E-07,3.98E-07
130.002,5.01E-07,3.63E-07
130.051,5.18E-07,3.23E-07
130.102,5.33E-07,2.86E-07
130.151,5.46E-07,2.54E-07
130.2,5.58E-07,2.22E-07
130.251,5.69E-07,1.92E-07
130.301,5.77E-07,1.60E-07
130.35,5.84E-07,1.25E-07
130.401,5.90E-07,8.83E-08
130.451,5.93E-07,5.22E-08
130.5,5.95E-07,2.02E-08
130.552,5.95E-07,-1.20E-08
130.601,5.94E-07,-4.29E-08
130.651,5.91E-07,-7.66E-08
130.701,5.86E-07,-1.12E-07
130.75,5.80E-07,-1.49E-07
130.8,5.72E-07,-1.85E-07
130.852,5.61E-07,-2.18E-07
130.901,5.50E-07,-2.50E-07
130.951,5.36E-07,-2.85E-07
131.001,5.21E-07,-3.17E-07
131.051,5.04E-07,-3.53E-07
131.101,4.86E-07,-3.89E-07
131.151,4.65E-07,-4.23E-07
131.202,4.43E-07,-4.55E-07
131.252,4.20E-07,-4.83E-07
131.3,3.96E-07,-5.08E-07
131.35,3.70E-07,-5.34E-07
131.401,3.42E-07,-5.60E-07
131.451,3.13E-07,-5.89E-07
131.502,2.83E-07,-6.13E-07
131.55,2.53E-07,-6.32E-07
131.601,2.20E-07,-6.50E-07
131.651,1.87E-07,-6.59E-07
131.702,1.54E-07,-6.68E-07
131.75,1.21E-07,-6.82E-07
131.801,8.60E-08,-6.93E-07
131.852,5.08E-08,-6.99E-07
131.9,1.66E-08,-7.04E-07
131.951,-1.91E-08,-7.05E-07
132.002,-5.46E-08,-6.97E-07
132.05,-8.85E-08,-6.90E-07
132.101,-1.23E-07,-6.83E-07
132.152,-1.58E-07,-6.73E-07
132.201,-1.90E-07,-6.65E-07
132.251,-2.24E-07,-6.49E-07
132.3,-2.55E-07,-6.29E-07
132.351,-2.86E-07,-6.06E-07
132.401,-3.16E-07,-5.82E-07
132.45,-3.44E-07,-5.58E-07
132.501,-3.72E-07,-5.31E-07
132.551,-3.98E-07,-5.04E-07
132.602,-4.22E-07,-4.77E-07
132.65,-4.45E-07,-4.47E-07
132.701,-4.67E-07,-4.14E-07
132.751,-4.87E-07,-3.78E-07
132.8,-5.04E-07,-3.42E-07
132.85,-5.21E-07,-3.09E-07
132.901,-5.35E-07,-2.78E-07
132.951,-5.49E-07,-2.43E-07
133.001,-5.60E-07,-2.10E-07
133.052,-5.70E-07,-1.75E-07
133.1,-5.77E-07,-1.40E-07
133.15,-5.83E-07,-1.05E-07
133.2,-5.88E-07,-7.39E-08
133.251,-5.91E-07,-4.02E-08
133.301,-5.92E-07,-8.39E-09
133.351,-5.92E-07,2.49E-08
133.401,-5.89E-07,6.30E-08
133.45,-5.85E-07,9.92E-08
133.5,-5.80E-07,1.32E-07
133.55,-5.72E-07,1.68E-07
133.602,-5.63E-07,1.99E-07
133.651,-5.52E-07,2.30E-07
133.701,-5.40E-07,2.68E-07
133.751,-5.25E-07,3.03E-07
133.8,-5.09E-07,3.40E-07
133.852,-4.91E-07,3.77E-07
133.901,-4.72E-07,4.05E-07
133.951,-4.51E-07,4.34E-07
134,-4.29E-07,4.64E-07
134.051,-4.04E-07,4.93E-07
134.101,-3.79E-07,5.25E-07
134.15,-3.53E-07,5.54E-07
134.201,-3.24E-07,5.78E-07
134.25,-2.95E-07,5.98E-07
134.301,-2.64E-07,6.16E-07
134.351,-2.33E-07,6.34E-07
134.401,-2.00E-07,6.54E-07
134.451,-1.68E-07,6.69E-07
134.501,-1.33E-07,6.81E-07
134.551,-9.96E-08,6.89E-07
134.601,-6.45E-08,6.93E-07
134.65,-3.05E-08,6.95E-07
134.701,4.92E-09,6.98E-07
134.75,3.92E-08,7.00E-07
134.801,7.47E-08,6.99E-07
134.85,1.09E-07,6.91E-07
134.901,1.44E-07,6.77E-07
134.952,1.78E-07,6.65E-07
135.001,2.10E-07,6.49E-07
135.051,2.42E-07,6.32E-07
135.1,2.73E-07,6.20E-07
135.151,3.04E-07,5.99E-07
135.2,3.33E-07,5.74E-07
135.251,3.61E-07,5.45E-07
135.3,3.87E-07,5.14E-07
135.351,4.13E-07,4.84E-07
135.4,4.36E-07,4.59E-07
135.451,4.58E-07,4.30E-07
135.5,4.79E-07,4.03E-07
135.551,4.99E-07,3.68E-07
135.6,5.16E-07,3.27E-07
135.651,5.31E-07,2.90E-07
135.701,5.45E-07,2.56E-07
135.752,5.57E-07,2.23E-07
135.801,5.67E-07,1.96E-07
135.85,5.76E-07,1.65E-07
135.901,5.84E-07,1.29E-07
135.951,5.89E-07,9.26E-08
136,5.93E-07,5.56E-08
136.052,5.95E-07,2.05E-08
136.101,5.95E-07,-8.27E-09
136.151,5.94E-07,-3.86E-08
136.2,5.91E-07,-7.25E-08
136.25,5.87E-07,-1.09E-07
136.302,5.80E-07,-1.48E-07
136.351,5.72E-07,-1.83E-07
136.401,5.62E-07,-2.16E-07
136.451,5.50E-07,-2.47E-07
136.501,5.37E-07,-2.81E-07
136.551,5.22E-07,-3.13E-07
136.601,5.06E-07,-3.51E-07
136.651,4.87E-07,-3.88E-07
136.701,4.67E-07,-4.22E-07
136.751,4.45E-07,-4.53E-07
136.801,4.22E-07,-4.80E-07
136.851,3.97E-07,-5.05E-07
136.902,3.71E-07,-5.33E-07
136.95,3.44E-07,-5.59E-07
137.001,3.16E-07,-5.87E-07
137.051,2.85E-07,-6.12E-07
137.101,2.54E-07,-6.32E-07
137.15,2.23E-07,-6.48E-07
137.201,1.90E-07,-6.59E-07
137.251,1.56E-07,-6.68E-07
137.302,1.22E-07,-6.81E-07
137.35,8.87E-08,-6.92E-07
137.401,5.34E-08,-7.00E-07
137.452,1.79E-08,-7.05E-07
137.5,-1.66E-08,-7.05E-07
137.551,-5.21E-08,-6.97E-07
137.602,-8.72E-08,-6.91E-07
137.65,-1.21E-07,-6.83E-07
137.701,-1.55E-07,-6.75E-07
137.752,-1.89E-07,-6.67E-07
137.801,-2.21E-07,-6.50E-07
137.851,-2.54E-07,-6.30E-07
137.9,-2.84E-07,-6.07E-07
137.951,-3.14E-07,-5.83E-07
138.001,-3.43E-07,-5.59E-07
138.05,-3.70E-07,-5.35E-07
138.101,-3.96E-07,-5.07E-07
138.151,-4.21E-07,-4.80E-07
138.202,-4.44E-07,-4.49E-07
138.25,-4.65E-07,-4.15E-07
138.301,-4.86E-07,-3.81E-07
138.351,-5.04E-07,-3.45E-07
138.402,-5.20E-07,-3.11E-07
138.45,-5.35E-07,-2.81E-07
138.501,-5.48E-07,-2.47E-07
138.551,-5.60E-07,-2.11E-07
138.601,-5.69E-07,-1.77E-07
138.651,-5.77E-07,-1.41E-07
138.702,-5.84E-07,-1.08E-07
138.752,-5.88E-07,-7.69E-08
138.802,-5.91E-07,-4.26E-08
138.85,-5.92E-07,-1.19E-08
138.9,-5.92E-07,2.23E-08
138.952,-5.90E-07,6.21E-08
139.002,-5.86E-07,9.72E-08
139.052,-5.80E-07,1.30E-07
139.101,-5.73E-07,1.64E-07
139.151,-5.64E-07,1.94E-07
139.201,-5.54E-07,2.27E-07
139.251,-5.42E-07,2.64E-07
139.3,-5.27E-07,3.01E-07
139.352,-5.11E-07,3.37E-07
139.401,-4.94E-07,3.71E-07
139.451,-4.74E-07,4.01E-07
139.5,-4.54E-07,4.30E-07
139.551,-4.31E-07,4.61E-07
139.601,-4.07E-07,4.90E-07
139.65,-3.83E-07,5.21E-07
139.701,-3.55E-07,5.49E-07
139.751,-3.27E-07,5.74E-07
139.802,-2.98E-07,5.97E-07
139.851,-2.68E-07,6.14E-07
139.902,-2.36E-07,6.33E-07
139.951,-2.04E-07,6.51E-07
140,-1.72E-07,6.67E-07
140.051,-1.38E-07,6.79E-07
140.1,-1.04E-07,6.89E-07
140.151,-6.91E-08,6.92E-07
140.202,-3.38E-08,6.95E-07
140.251,3.33E-10,6.98E-07
140.302,3.58E-08,6.99E-07
140.351,7.00E-08,6.97E-07
140.401,1.05E-07,6.93E-07
140.45,1.39E-07,6.80E-07
140.501,1.73E-07,6.67E-07
140.55,2.06E-07,6.51E-07
140.601,2.38E-07,6.33E-07
140.652,2.70E-07,6.19E-07
140.701,3.00E-07,6.01E-07
140.752,3.30E-07,5.76E-07
140.801,3.57E-07,5.51E-07
140.851,3.85E-07,5.18E-07
140.9,4.09E-07,4.86E-07
140.951,4.33E-07,4.61E-07
141,4.55E-07,4.34E-07
141.051,4.77E-07,4.03E-07
141.101,4.96E-07,3.73E-07
141.152,5.14E-07,3.32E-07
141.201,5.29E-07,2.94E-07
141.252,5.43E-07,2.60E-07
141.301,5.55E-07,2.26E-07
141.35,5.66E-07,1.98E-07
141.401,5.75E-07,1.67E-07
141.451,5.82E-07,1.32E-07
141.5,5.88E-07,9.74E-08
141.552,5.92E-07,5.96E-08
141.601,5.94E-07,2.45E-08
141.651,5.95E-07,-6.12E-09
141.7,5.94E-07,-3.71E-08
141.752,5.91E-07,-7.12E-08
141.801,5.86E-07,-1.05E-07
141.851,5.80E-07,-1.43E-07
141.901,5.72E-07,-1.79E-07
141.95,5.62E-07,-2.13E-07
142,5.51E-07,-2.46E-07
142.05,5.38E-07,-2.78E-07
142.1,5.23E-07,-3.10E-07
142.15,5.07E-07,-3.47E-07
142.2,4.89E-07,-3.85E-07
142.25,4.68E-07,-4.19E-07
142.3,4.47E-07,-4.50E-07
142.351,4.23E-07,-4.78E-07
142.401,3.99E-07,-5.05E-07
142.451,3.73E-07,-5.31E-07
142.501,3.45E-07,-5.57E-07
142.552,3.16E-07,-5.85E-07
142.6,2.87E-07,-6.11E-07
142.651,2.56E-07,-6.30E-07
142.701,2.24E-07,-6.48E-07
142.752,1.91E-07,-6.60E-07
142.8,1.59E-07,-6.67E-07
142.851,1.25E-07,-6.80E-07
142.901,8.98E-08,-6.91E-07
142.95,5.59E-08,-6.99E-07
143.001,2.04E-08,-7.05E-07
143.051,-1.53E-08,-7.05E-07
143.1,-4.96E-08,-6.99E-07
143.151,-8.48E-08,-6.92E-07
143.201,-1.20E-07,-6.84E-07
143.25,-1.53E-07,-6.75E-07
143.301,-1.87E-07,-6.66E-07
143.352,-2.20E-07,-6.52E-07
143.4,-2.52E-07,-6.32E-07
143.451,-2.83E-07,-6.09E-07
143.502,-3.13E-07,-5.86E-07
143.55,-3.41E-07,-5.61E-07
143.601,-3.69E-07,-5.35E-07
143.652,-3.95E-07,-5.08E-07
143.7,-4.19E-07,-4.81E-07
143.751,-4.43E-07,-4.53E-07
143.801,-4.65E-07,-4.18E-07
143.85,-4.85E-07,-3.84E-07
143.9,-5.03E-07,-3.48E-07
143.951,-5.20E-07,-3.13E-07
144.001,-5.35E-07,-2.82E-07
144.052,-5.48E-07,-2.49E-07
144.1,-5.59E-07,-2.15E-07
144.15,-5.69E-07,-1.82E-07
144.201,-5.77E-07,-1.45E-07
144.251,-5.84E-07,-1.10E-07
144.301,-5.89E-07,-7.95E-08
144.351,-5.92E-07,-4.47E-08
144.401,-5.93E-07,-1.41E-08
144.451,-5.93E-07,1.97E-08
144.501,-5.91E-07,5.71E-08
144.551,-5.87E-07,9.23E-08
144.601,-5.82E-07,1.26E-07
144.651,-5.75E-07,1.61E-07
144.7,-5.66E-07,1.92E-07
144.75,-5.56E-07,2.24E-07
144.802,-5.43E-07,2.60E-07
144.851,-5.29E-07,2.95E-07
144.901,-5.14E-07,3.33E-07
144.95,-4.96E-07,3.69E-07
145.002,-4.77E-07,3.99E-07
145.051,-4.56E-07,4.28E-07
145.101,-4.34E-07,4.59E-07
145.15,-4.11E-07,4.86E-07
145.201,-3.85E-07,5.18E-07
145.251,-3.59E-07,5.47E-07
145.302,-3.30E-07,5.72E-07
145.351,-3.02E-07,5.94E-07
145.4,-2.72E-07,6.12E-07
145.451,-2.40E-07,6.31E-07
145.5,-2.09E-07,6.49E-07
145.551,-1.75E-07,6.65E-07
145.6,-1.42E-07,6.78E-07
145.651,-1.08E-07,6.87E-07
145.7,-7.37E-08,6.91E-07
145.751,-3.85E-08,6.95E-07
145.8,-4.37E-09,6.98E-07
145.851,3.11E-08,7.00E-07
145.902,6.66E-08,6.99E-07
145.951,1.01E-07,6.94E-07
146.001,1.36E-07,6.79E-07
146.05,1.69E-07,6.67E-07
146.101,2.02E-07,6.53E-07
146.15,2.34E-07,6.36E-07
146.201,2.66E-07,6.24E-07
146.252,2.97E-07,6.03E-07
146.301,3.26E-07,5.78E-07
146.352,3.55E-07,5.51E-07
146.401,3.81E-07,5.20E-07
146.452,4.07E-07,4.90E-07
146.501,4.30E-07,4.66E-07
146.551,4.53E-07,4.37E-07
146.601,4.74E-07,4.08E-07
146.652,4.94E-07,3.74E-07
146.701,5.11E-07,3.34E-07
146.752,5.27E-07,2.96E-07
146.801,5.41E-07,2.63E-07
146.85,5.53E-07,2.31E-07
146.901,5.64E-07,2.04E-07
146.951,5.74E-07,1.71E-07
147,5.81E-07,1.35E-07
147.051,5.87E-07,9.83E-08
147.101,5.91E-07,6.11E-08
147.15,5.93E-07,2.77E-08
147.201,5.94E-07,-2.56E-09
147.251,5.93E-07,-3.26E-08
147.301,5.91E-07,-6.55E-08
147.35,5.86E-07,-1.02E-07
147.4,5.80E-07,-1.42E-07
147.452,5.72E-07,-1.79E-07
147.501,5.62E-07,-2.10E-07
147.551,5.51E-07,-2.41E-07
147.601,5.38E-07,-2.74E-07
147.651,5.24E-07,-3.08E-07
147.701,5.07E-07,-3.46E-07
147.751,4.89E-07,-3.84E-07
147.801,4.69E-07,-4.18E-07
147.851,4.47E-07,-4.49E-07
147.901,4.24E-07,-4.74E-07
147.952,4.00E-07,-5.01E-07
148,3.75E-07,-5.28E-07
148.05,3.47E-07,-5.55E-07
148.101,3.19E-07,-5.84E-07
148.151,2.89E-07,-6.11E-07
148.201,2.57E-07,-6.29E-07
148.25,2.26E-07,-6.44E-07
148.301,1.94E-07,-6.56E-07
148.351,1.60E-07,-6.66E-07
148.402,1.26E-07,-6.81E-07
148.45,9.27E-08,-6.92E-07
148.501,5.75E-08,-6.99E-07
148.552,2.20E-08,-7.05E-07
148.6,-1.25E-08,-7.04E-07
148.651,-4.80E-08,-6.97E-07
148.702,-8.31E-08,-6.91E-07
148.75,-1.17E-07,-6.85E-07
148.801,-1.51E-07,-6.77E-07
148.852,-1.85E-07,-6.69E-07
148.901,-2.18E-07,-6.53E-07
148.951,-2.50E-07,-6.32E-07
149,-2.80E-07,-6.11E-07
149.051,-3.11E-07,-5.87E-07
149.101,-3.40E-07,-5.63E-07
149.15,-3.67E-07,-5.39E-07
149.201,-3.93E-07,-5.11E-07
149.251,-4.18E-07,-4.83E-07
149.302,-4.42E-07,-4.53E-07
149.35,-4.63E-07,-4.20E-07
149.401,-4.84E-07,-3.86E-07
149.451,-5.02E-07,-3.51E-07
149.502,-5.19E-07,-3.16E-07
149.55,-5.34E-07,-2.87E-07
149.601,-5.47E-07,-2.53E-07
149.651,-5.59E-07,-2.16E-07
149.701,-5.69E-07,-1.83E-07
149.751,-5.77E-07,-1.47E-07
149.802,-5.84E-07,-1.12E-07
149.852,-5.89E-07,-8.28E-08
149.902,-5.92E-07,-4.91E-08
149.95,-5.94E-07,-1.68E-08
150,-5.94E-07,1.67E-08